url,title,content
https://www.inside.com.tw/article/7029-what-is-regtech,【硬塞科技字典】什麼是監管科技（Regtech）？,"監管科技 RegTech，為 Regulation Technology 的縮寫，是為了應付目前金融環境所衍伸出來的服務，因為現今金融科技（Fintech）的蓬勃發展，企業開始利用科技為金融市場創造更便捷的服務，但由於金融創新可能會與法律相抵觸而受罰，監管科技就是解決這個問題而出現的解方。監管科技結合了規章和技術，利用新科技監管市面上的各項服務是否合乎法律。監管科技 RegTech，為 Regulation Technology 的縮寫，是為了應付目前金融環境所衍伸出來的服務。因為現今金融科技（Fintech）的蓬勃發展，企業開始利用科技為金融市場創造更便捷的服務，但由於金融創新可能會與法律相抵觸而受罰，監管科技就是解決這個問題而出現的解方。監管科技結合了規章和技術，利用新科技監管市面上的各項服務是否合乎法律。

透過監管科技管理快速變動的市場，將原先的監管制度加入技術後，就可以利用監管科技管理各家公司是否合規。監管科技公司可以利用機器學習、人工智慧等科技來管理各金融公司，運用科技來管理資安、交易安全、法遵等問題，並且有助於提升公司透明化。

利用監管科技，監管者可以實時監測業者的營運活動，並且協助業者隨時做到法令遵循。 監管科技的導入將大幅降低原先的監理成本以及業者為了要配合法令遵循所產生的成本，目前英國 FCA（金融監理總署）也極力推動相關監管科技的發展。目前世界上也有監管科技的公司正在發展中，加拿大的 Trulioo 就是發展有關身分識別的監管科技公司。"
https://www.ithome.com.tw/news/121056,【業界觀點】8個QA快速認識Regtech趨勢,"歐盟的GDPR來勢洶洶，企業要怎麼因應？英國專家Nirvana Farhadi指出，Regtech是利用科技去解決法規所帶來的重擔問題，它可以減少法遵成本、提高效率，還可以打破資訊孤島的問題。「很多的法規變動，就代表著機會跟著來。」Hitachi Vantara金融監理科技服務風險與法遵事務的全球負責人Nirvana Farhadi表示，Regtech的影響範疇不限於金融服務業，只要有法規的地方，就有Regtech。而且Regtech將是一個機會，讓企業可以降低法遵成本，解決資訊孤島（Silo）的問題，也可以讓機構更加有效率。

這位歐美法遵圈的Regtech趨勢家，曾效力英國KPMG擔任監管報告部門的負責人，更是歐盟監管部門指派參與MiFID II / MIFIR監管標準訂定的首席專家，還創立過一家FFS-Regtech新創公司，專門協助金融機構處理法遵、洗錢、風險管理等。在全球各地的Regtech活動上，都能見到她的身影。我們也專訪了這位英國Regtech專家，來看Regtech趨勢對產業帶來的影響。

Q1：什麼是Regtech？

 A  簡單來說，Regtech是利用科技解決法規帶來的重擔。

金融科技是顛覆性的，Fintech創新越多，帶來越多的顛覆，更讓企業開始運用新科技來競爭。因此，Regtech要同步存在，企業或組織才能確認法遵的問題，例如，用智慧分析、機器學習之類的技術，可以自動識別到某一條法規的出現，尤其是要偵測那些橫跨多領域的法規的新改變，來協助企業因應。

Q2：為什麼Regtech會突然這麼熱門？

 A  金融機構之所以開始重視Regtech，因為2008年金融大海嘯，造成全球性的崩盤。金融產業首當其衝，新的法規紛紛出籠，其他非金融相關產業也開始受到衝擊。

陸續出現大量新金融法規，就會產生法規重疊的問題，或是法規太多，金融機構沒辦法處理，進而讓法遵作業成本大增，占用許多資源，也不夠有效率。法遵出現很多新問題，金融機構需要專責團隊負責，也需要一個團隊在企業內鞏固法遵的文化。

以近期大型法規為例，不論是歐盟通用資料保護規則（GDPR）或是歐盟金融工具市場規則（MiFID II），雖然是歐盟的法律，但確有有全球效力。以MiFID II的法規為例，它制定了金融消費者保護、市場架構、高頻交易、交易如何被執行，以及如何保持交易記錄等要求。這些都會影響所有的金融機構。

這類法規，讓金融機構提交監管報告的需求增大，至少要多交20份交易報告，而且企業得從大量交易後資訊來彙整，例如，交易者個資、身分ID、交易對方的資料等。但挑戰是，這些資料大多分散在金融機構內部的各單位手上。

資料是金融服務機構的關鍵，不只企業內部所用，監管單位也依賴那些資料，來監控整個金融服務市場。

平均來講，一家中小型企業，在不同的時間點、各個法規要求，平均一年要提交160種不同的監管報告。這需要多少團隊、多少法遵人員、多少資源才能做得到？這就是為什麼Regtech出現的原因。用科技來因應它，去減少法遵的成本、資源成本，也讓法遵變得更加有效率，並且讓企業更有策略性。

Q3：Regtech可說是「監管的數位化」嗎？

 A  對，我同意這個說法。Regtech就是將技術性且原本手動操作的監管重擔與流程，利用數位化的方式來完成。

我曾經跟金融機構合作多年，以前為了確保公司符合法規，我必須坐下來，每天瀏覽超大量的資料，至少數千、數百筆的交易資料。如果Regtech可以自動完成這件事，就可以省下很多時間，我的精力可以用在更有產能的事情上。

Q4：很多人說Regtech是新的Fintech，妳同意嗎？

 A  Regtech絕對不是金融科技的替代品。Regtech早就存在多年，那些人說這是新的Fintech，我不同意，它絕對不是。Regtech涵蓋的範圍比金融產業更大、更廣。Regtech也在其他領域發展很久了，甚至不是金融業所專有的。

不管是哪個產業，只要有法規的地方，或是還靠手工完成法遵作業的地方，就可以適用Regtech。

Q5：Regtech可以替企業帶來什麼樣的效益？

 A  Regtech可以替產業解決法遵議題，可以讓法遵流程自動化、減少成本重擔、更有效率，也更有策略性。

現有很多金融科技的創新，像區塊鏈、人工智慧、機器學習等。也衍生出「我們需要監管區塊鏈嗎？」，又或者「誰要來監管區塊鏈？」等很多人關心的監管問題。我的答案是，區塊鏈當然需要監管，因為金融服務正被監管中。就像在GDPR中，資料分享需要嚴密地監管著。

所以，在金融領域，當某些創新還未納入監管時，Regtech要跟Fintech一起並肩而行，確保能走在法規的正軌上。不僅是為了銀行的客戶、為了孵化創新，更是為了整個金融服務的生態系。

Q6：所以，Regtech也能是企業的新機會？

 A  我同意，Regtech是企業的新機會。很多人認為，法規會把你綁住，會奪走創新。我不這麼認為，為了符合法規的框架，反而會讓你想出框架之外的事務。法規反而創造出新的機會。

我們現在的時代，充滿不確定性，大量的法規變動，越是不確定，就代表著機會也會跟著來。

以英國脫歐來講，法規要往前回溯，某些機構需要重新制定Regtech的解決方案，原本現在適用的法規，可能還得拆散或切割。

Regtech絕對是一個機會，讓機構可以降低成本，解決資訊孤島（Silo）的問題，帶來內部和諧，也可以讓機構更加有效率。因為企業加速前進的同時，很多老舊的系統遺留下來，但這也會出現新的市場空間，需要新的市場策略。例如，很多科技公司搶攻金融市場，Google、eBay、Paypal等，認真想想，他們某種程度也算是金融機構。

接下來3～5年，更會有劇烈變動，我們被物聯網等科技所牽引，金融機構跟客戶互動的方式、我們日常的生活方式都會大大受到影響。但是，誰要來保護我們？有些事物仍然必須重視，Regtech就是一個機會，可以保護客戶權益，確保法規遵循。

英國脫歐後，各銀行若沒有並肩合作，他們就會錯失這個機會，因為Fintech新創一直在挑戰銀行，試著想要取代它。GDPR、MiFID II的影響甚鉅，如果銀行不採用Regtech，一年的法遵成本就會高出70%。

所以，Regtech其實也協助了全球金融的和諧、標準化，確保大家有志一同，全球每個產業也都試著用工作小組來互相合作。

Q7：企業導入Regtech的最大難題是？

 A  我舉傳統金融機構來說，會有遺留下來的老舊系統，它會讓事情凍結在那裡，為了拆散一些法規事務來合規，會很耗費成本。

另外一個重要的問題是，領導者的老舊思想、不夠有遠見。組織內有很多領導者，只在乎今年預算有多少，完全不會有策略性的思考。他們只希望專案有完成，不在乎科技所帶來的影響。所以他們不會將錢投資在其中，他們沒有非採用不可以關鍵因素，也沒有資源挹注其中。上位者不願意策略性思考，仍是以老舊的思維領導，這是必須要改變的。如果要生存，就要改變領導者的做事方式。

此外，我想呼籲一件事，很多人會誤會Regtech，以為Regtech是一根魔法棒，只要念出咒語就好。有些科技確實很好、很棒，但是在金融機構裡卻還是嬰孩階段，不會是一個神奇的萬用解答，一下子就解決企業的問題。

例如，蓬勃發展的AI，閃閃發光的一個詞，但是很多Regtech的解決方案是資料驅動（Data driven）的，資料品質很重要，可是很多機構的資料都是分散的，或是很難以取得，甚至不知道資料在哪裡。

機構內部缺少協調性，就是孤島式的工作方式，會對Regtech造成困難，但我認為都是可以克服的。

Q8：Regtech未來會如何發展？

 A  Regtech會邁向細緻化，接下來幾年，若能恰當地應用，以正確的測量方法與步驟去採用，這不會只是改變金融產業而已，Regtech能讓所有產業都會獲得助益。"
https://sourcezones.net/2020/11/10/what-is-regtech/,技能分享 | 法遵科技 RegTech 是什麼？,"如果談及近幾年金融業最熱門的話題，人工智慧、機器學習、大資料、雲端技術等，造成了新興的一股科技浪潮，不只催生各種企業創新應用，也讓政府對產業的管理和規範，面臨了極大考驗。現在，這些新興科技開始走進政府監理，帶來了與過去截然不同的監理科技新樣貌，也顛覆了傳統的法規遵循作法。事實上，歐美等國家早已就展開法遵科技領域的研發；我國則至 2018 年才漸漸對法遵科技有所關注；SourceZones 源銳資訊則在 2016 年起，就開始對法遵科技進行研究以及探討法遵科技的重要性。

一句話解釋「法遵科技 RegTech」
RegTech 為法遵科技或是監理科技，是 Regulation 與 Technology 結合的新名詞。根據國際金融協會（The Institute of International Finance）之定義，是指使用新科技以更有效且更有效率的方式，解決法規以及法令遵循的要求。而依英國金融監督管理局之描述（Financial Conduct Authority, FCA），將法遵科技解釋為協助金融服務合乎規範的新技術。在台灣地區，法遵科技成處於萌芽階段，金管會在近年來也積極推廣並制定相關規範，為保障企業與人民之權利。

由於金融業提供客戶資產管理及運用等服務，並掌握客戶個人隱私資料，長期以來受到金融法規的高度監管，且因為金融危機的發生與層出不窮的金融弊端，企業間比須遵循的法規更加繁複，法規的調整變動也越加頻繁，再加上新興金融科技的應用日新月異，使得金融業的法令遵循成本不斷提升。如果企業未能及時、效率取具整合能力的減管解決方案因應，將會使企業的營運受到巨大的影響。

法遵科技有哪些類別？
1、法規監理機制：
接收最即時的法規情報 (regulatory intelligence) 、法規遵循、以及提交給給監管單位的法規報告書。

2、潛在風險管理：
包括識別風險、評估風險和降低風險的工作，這些風險多半是來自於：市場風險、營運風險及資訊與網路風險。

3、內部監控管理：
主要在協助企業在導入法遵科技時，對企業之內部人員進行管理及監控。近年來許多案例指出，在應用金融科技蓬勃發展的同時，許多內部員工會鑽企業漏洞，進而影響到使用者的權益。

4、客戶識別系統：
認識你的客戶，KYC（Know Your Customer）在近十年為「防制洗錢查核」的重要程序。這項身分管理與認識客戶的執行流程非常適合使用法遵科技，企業間該如何進行客戶的身分驗證，都是法遵科技可以發揮的應用領域。

5、金融犯罪防治：
金融詐欺、洗錢與資助恐怖主義、惡意市場操作等金融犯罪都會對金融穩定以及社會造成重大影響，因此隨著技術的進步，期許能帶來新的工具可以即時監控金融交易，分析並偵測可疑的交易，及早預防。金融機構的痛點是什麼？為什麼需要法遵科技？
1、 全球法遵規範越來越嚴格，合規成本上升
由於全球金融業法規的推出，相關法遵規範成為企業在運作時比須遵循的一大業務，不管是中小企業或是大企業都必須「符合金融法規」的規定。意指金融業界都要遵循「金融監理法令與法規的要求」，若有違反的情況，將會受到嚴厲之罰則。

而趨於嚴格的法規，導致企業中的合規成本也跟著增加，企業為了配合，因此需要投入更多的成本在法遵科技當中。

SourceZones 源銳資訊在三年前就發現市場的痛點，因此針對市場進行研究及開發，我們的產品可以協助企業在不額外增加其他成本的情況下，也能夠達到合規的要求。SourceZones 是一個「客戶認知作業（KYC）的技術平台」，可以有效地管理整個客戶生命週期的所有 KYC 政策和法規遵從要求，尤其專精於金融、證券、監管等領域。

2、 金融弊端持續發生，缺乏有效監督方案
縱使金融機構提高了內部控管以及合規相關措施，國際的大型金融機構或是國內的金融銀行業中，仍持續傳出違規的醜聞。顯示出目前仍然缺乏有效措施，來預防或是監督違規的行為發生。讓政府或是企業高層都相當頭痛！

SourceZones 源銳資訊透過大資料分析、人工智慧（AI）、機器學習（Machine Learning）、知識圖譜（Knowledge graph）等技術，有效地開發出一套可以探勘企業中潛在風險之系統。並可以從中進行系統之監控行為。我們的產品協助企業進行風險管控，及提供企業有效的監控方案。

3、企業導入新技術，缺乏資料搜集及跨領域整合能力
在前面我們提到，各企業在近年來開始導入「人工智慧、機器學習、大資料、雲端技術」等新興科技，但在導入時卻也面臨了許多技術的問題。許多企業因為缺乏相關知識背景人才，或是沒有完整轉型的方案，因此面臨到資料搜集不全或是跨領域整合能力缺乏的問題。也可能因為人力搜集費工又耗時，甚至可能會有人為疏失漏搜到關鍵資訊的問題。

SourceZones 源銳資訊透過多年在中小企業中服務的經驗，發現這些企業在 搜集外部資料上的困難 以及 網路資料多又複雜的問題，導致他們沒辦法有效地搜集並整合資訊，也沒有辦法將這些資料有效地利用或是進行分析，或是進而做一些業務或是行銷上的策略制定，失去了很多可以獲利的機會。

SourceZones 致力於解決這項問題，透過我們的專業團隊對新興技術的多年研究，成功將技術與企業做接軌，讓企業可以不走冤枉路。更可以再不多額外增加的人力及開發成本條件下，有效地幫助客戶解決這些問題，幫助他們的企業擴展。

4、企業內部無相關知識，難以落地應用
接續前一項新技術的導入問題，多數企業內部也面臨因為沒有相關知識訓練，難以將技術落地應用。員工沒有一套完整流程教學，讓企業花費龐大資金做開發後，卻沒有辦法使用，十分浪費資源及資金。

SourceZones 源銳資訊提供完整的客戶使用訓練流程，在導入我們的產品及系統之後，我們也會提供後續的教學服務。讓企業在實施上更有效率，也可以減少額外的訓練成本。

SourceZones 如何提供「法遵科技」之服務？
SourceZones 源銳資訊秉持著 三大核心目標 DNA，提供優質的服務：

Data Enrichment 資料擴充
Network Forensics 資料網路分析及調查
Application Development 應用開發
為了幫助企業建構「法遵科技」的基礎，SourceZones 利用大資料分析、人工智慧（AI）、機器學習（Machine Learning）、知識圖譜（Knowledge graph）等技術進行研發及分析。並且利用資訊科技，廣泛蒐集各國金融監理制度與法規要求，提供管理與監控的工具，以協助金融機構遵守法規要求，提早發掘潛在風險，降低客戶在作業上的風險成本。再者，也同時提升業務的效率，以及可以做行銷上的策略制定。更多相關服務詳請請見：SourceZones產品資訊。

結語
隨著金融科基發展樣態更趨多元，金融機構所產生的資料量及複雜性，大幅提升了監管機關執行監管的困難程度。因此，除了金融機構應該積極投入監管科技之研發應用外，法遵科技之發展也對政府或主管機關具有相當的重要性。我國金管會對金融科技產業發展及金融業之風險管控上，在近年來是越來越注重，對於法規上的制定，也是持續地改善及制定。

無用置疑的是，金融業結合科技的應用以是不可逆的趨勢，然而金融科技的本質仍是科技，利用科技化而非以人工的方式，SourceZones 認為企業間如果可以將資料進行即時化及自動化監管，以簡化處理程序、促進效率並降低成本，即是法遵科技所能發揮之競爭優勢。能夠在法遵與創新之間取得最佳平衡者，方能在金融科技中達到相輔相成之助益。"
https://www2.deloitte.com/tw/tc/pages/financial-services/articles/regtech-the-new-fintech.html,"金融科技的關鍵下一步─法遵科技
RegTech is the new FinTech","此報告旨在說明法遵科技(RegTech)將如何有效協助企業了解與管理風險，乃金融服務業者承金融科技蓬勃發展之際應積極關注與投入的下一哩路。法遵科技(RegTech)的應用可望降低各國政府、國際監管單位與全球金融服務業者的監管成本，可謂為金融科技生態系統的關鍵里程碑。法遵科技同時具有靈活、快速、整合與分析的特性，能迅速且廣泛地蒐集各國監理機制與法規的更新，並針對分析結果自動產生報表。如此，金融業者方可於第一時間因應法規更新、降低營運成本與管控風險。報告亦指出以下法遵科技(RegTech)之相關應用領域：

法遵科技的應用領域：

1. 合規與治理

2. 網路風險與監控

3. 防範金融犯罪

4. 資料管理與智慧分析"
https://www.chinatimes.com/newspapers/20190609000275-260204?chdtv,當AI遇上法規 RegTech就此誕生,"數位科技的日新月異為企業與主管機關在法規監管帶來全新挑戰，金融機構因新科技應用崛起，金融法規複雜度與日俱增，需投入更大量資源來確認作業程序是否合規，因此「法令遵循」成為各銀行重視的顯學，2016年也曾發生兆豐銀行紐約分行因違反防制洗錢機制，遭美國重罰1.8億美元，讓金融產業意識到可能面臨高額罰款的風險警訊。


金融科技應用近年崛起，主要是企業運用科技讓金融服務更有效率，且其大多為新創公司，例如利用手機APP匯款給朋友，又或是餐廳消費利用手機APP結帳，甚至是近來最受年輕人歡迎之一的社群平台Instagram也傳出跨足電商，都代表著企業除增加後端一連串的金流服務，同時也面臨著是否合規的問題。這些都顯示在科技應用不斷變化之下，法遵科技的重要性，尤其台灣金融監管相對嚴格，是挑戰也是機會，讓台灣更加適合發展法遵科技。

企業需遵循的法規更加複雜，因此衍生出利用科技協助企業遵循法令，以防止有「漏接」的情形發生！法令遵循科技（以下簡稱法遵科技，Regulatory Technology，RegTech），指利用資訊科技，廣泛蒐集金融監理制度與法規要求，提供分析與管理的工具。也就是說，金融機構（被監管方）能利用科技自動協助企業遵守法規要求並完成合規報告，降低作業風險。此外，也有人將這類科技稱為「監管科技」，運用資訊科技，監管機關（主管機關）針對受監理的金融機構所提供的合規報告，來判斷金融機構潛在的違規行為、風險控管、資安預警與消費者保護等監理目的。簡而言之，法遵科技就是利用科技減少法規為企業（被監管方）、機關（主管機關）等帶來的重擔。

法規解讀分析成本高
法遵科技興起可追溯至2008年，金融機構在歷經金融海嘯後，新法規紛紛出籠，加上科技快速演進，主管機關開始正視法規規範的妥適性，及企業是否如實遵循法令。因此，金融業及其他產業在適應新法規過程，不僅從各監管單位蒐集、擷取法規文本內容，整理複雜的法規文本後，再以人工費時解讀分析法規後，判斷企業內規是否合乎法令管理，若不合規得再確認內部相關權責單位調整修正，完成稽核與風險控管後，才能提交法規報告給主管機關，導致法令遵循作業成本大增。

法規快速增加趨勢從麥肯錫統計可見一斑，2016年全球監管法規超過2萬個，預估到2020年可能超過3億頁，法規處理人力及成本也因此大幅增長。麥肯錫指出，JP摩根大通在2012～2014年間增加1.3萬名員工進行法遵處理，成本支出增加20億美元，德意志銀行2014年為了法遵處理，追加支出的金額高達13億歐元。整體來看，法遵與治理、風險管理人力成本將占全球主要銀行支出10％以上，並逐年攀升，每年合計高達2,700億美元（約8.5兆元新台幣），預計將使企業負擔更為沉重。

傳統法遵管理作法多高度依賴領域專家，以人工方式解讀法規並分析，費時且容易造成解讀偏差與疏漏，且因缺乏系統化法規知識累積，導致難以重複運用於法規變動與連動追蹤管理。舉例來說，從人工法規解讀分析到找尋對應措施，加上跨單位的溝通合作，所花費的時間，雖會依據法規調整的複雜度，花費的時間也不同，相對複雜者可能長達3個月以上，但如以AI輔助法遵人員整理基礎法規與解讀分析，將可縮短至1個月的作業時程，且展現更高值化的人力發展。

法遵導入AI需三大要素

工研院也看準該趨勢，開發協助企業（被監管方）減輕法令遵循負擔的AI技術，AI與法遵如何有效結合需要三大要素，包括大量的法規資料庫、自然語言處理以及機器學習。首先，訓練法遵AI得先具備大量的法規資料，工研院也與金融系統SI業者、金融機構合作，透過業者累積的資料來訓練AI引擎。

第二，則是利用自然語言處理，將上述的法規資料以點、線、面的概念，建構法規知識網絡。「點」是進行法規「字詞」分析，「線」是進行法規「語句」分析，建立法規概念或因果關係，「面」則是進行法規「語意」分析，辨識合規要求。

最後，工研院整合法遵專家經驗及資料庫，協助AI進行深度學習，打造國內在地化「法遵管理資料庫」。依據法遵專家的動態經驗回饋，確認對應的內規是否正確之後，開發出「內外規對應分析模型」、「法規權責對應分析模型」。舉例來說，當未來有新的外部法規出現時，AI模型就能自動推論出對應的內規與內部權責單位，提供給法遵人員建議，此時法遵人員可經確認後再次回饋AI，不斷更新模型。

整體來看，各國的知識、國家語言、語意等都不同，難用一套技術放諸四海皆準，因此台灣的法遵科技領域可以走出自己的路，尤其是金融科技公司，台灣與其他國家相比，金融監管相對嚴格，所以RegTech成為台灣金融科技業最有發展斫景的方向之一。同時，還有需要大量法規文件管理的製造業，或是被高度監管的產業如化妝品、藥廠等，皆是法遵科技可見的應用市場，透過AI的輔助將可提升法遵人員的效能，為企業提供助益。"
https://www.chinatimes.com/realtimenews/20210117003711-260410?chdtv,法遵科技RegTech 在台灣先談解決方案,"RegTech為Regulatory Technology的縮寫，一般譯為「法遵科技」或「監理科技」，在2020年成為英國、美國金融科技圈的熱錢追捧標的，台灣仍處於啟蒙階段，已浮上檯面的金融科技新創團隊或專業服務公司轉型，如重量科技、捷智商訊，以及美商鄧白氐，強項多是資訊科技，均把業務重點放在應用AI及大數據、智慧洗錢防治。


益博睿（Experian）亞太區執行長Ben Elliott表示，法遵科技應作到可以協助監控金融交易過程，以符合監管機關的法規要求。舉例說，反洗錢交易偵測要能為金融機構作到不觸及法規，提前預警可能發生的弊端。

該公司透露，近來收到許多金融客戶詢問，有關個人信貸和房貨的申請核貸服務，如何能快速應對需求？於是技術團隊分拆問題為：達成整合inbound/outbound資源串接、資料發查、運算和流程能力等等，以解決傳統決策引擎無法處理的問題，更重要的是符合法規。

由於金管會在2020年公布「金融科技發展路徑圖」，含納法遵科技於其中，並計畫三年內落地RegTech，Ben Elliott認為，創新與監理若能並進，可以推升台灣數位金融藍圖，惟考量每間金融機構的業務目標不同，益博睿亦深刻了解台灣金融機構普遍的痛點，多元交流、討論，將能讓法遵科技在台灣發展起來。"
https://www.fintechspace.com.tw/zh-hant/activity/taiwan-regtech-challenge2020/,Taiwan RegTech Challenge 2020 監理科技黑客松,"活動背景
金管會近年來積極推動監理科技，2020年施政要點更以協助金融市場發展及消費者金融服務需要為方向，持續建構完善金融監理法制，提升金融機構國際競爭力。為促進數位監理化之成熟度，並探索未來數位風險，金管會邀請臺灣集中保管結算所(下稱集保結算所)、財團法人金融聯合徵信中心及相關周邊單位等，共同研議發展我國監理科技，同時整合周邊金融單位與業者資源、引進最新科技與系統。

緣此，台灣金融服務業聯合總會(簡稱金融總會)及集保結算所參考英國TechSprint機制，共同主辦第一屆「2020監理科技黑客松」(Taiwan RegTech Challenge 2020 )，並由金融科技創新園區、集保結算所、資策會共同執行。

期以黑客文化催生監理科技解決方案，由金融科技創新園區及集保結算所專案執行團隊協助推動監理科技發展，廣邀國內外跨域專家共同擬定從金融監理到產業數位監理之實務議題，並向具有成熟技術之新創團隊公開徵求解決方案，借力金融科技由專家評選出優異團隊，由主管機關給予肯定，展現我國金融科技創新能量，使成果與產出能與國際典範趨勢接軌。

 

 

活動目的
配合金管會 Open Banking 施政方向，今年舉辦本活動主要有四大目的，包含：

加速監理科技導入產業之可行作法；
透過整合產官數位監理發展共識；
鏈結國際法遵科技網絡；
凝聚監理科技領域能量，作為主管機關數位監理導入或法規調適之參考依據。
 

 

活動辦法
本次活動分為初賽、複賽及決賽三個階段。初賽評選為書審；複賽、決賽評選為現場Demo與簡報"
https://www.hkma.gov.hk/chi/news-and-media/r-and-m-column/2018/10/column-20181005/,金融科技新成員──Regtech,"阿四：
呢幾年Fintech（金融科技）聽得多，而家發展到有Regtech同Suptech㖭喎。
 

小森：
無錯，Regtech英文全寫regulatory technology，Suptech就係supervisory technology。
 

阿四：
有乜分別呀？
 

小森：
大致嚟講，Regtech嘅用家係金融機構，而Suptech用家係監管機構，都係透過利用科技去提升監管同合規嘅效益，通常統稱做Regtech。綜合市場分析，全球Regtech公司有超過200間，而2017年Regtech總投資額達10億美元，可以見到市場需求同發展潛力相當大。
 

阿四：
Regtech可以點提升監管同合規嘅效益？
 

小森：
自從全球金融危機後，為咗加強監管，減低再次發生危機嘅風險，加上金融業嘅快速發展，監管銀行嘅指引無可避免愈嚟愈多同複雜，而且要不時因應新發展而更新，銀行需要投入大量人力資源去跟進同處理，於是引入新科技成為大勢所趨。例如業界研究引入「機器可讀」（machine-readable）技術，希望能夠協助銀行「解讀」經修改嘅監管要求，然後自行尋找、修改銀行內部合規程序當中嘅相關部分，以縮短銀行更新內部合規指引同程序嘅時間，提升合規工作嘅效率。「機器可讀」應用喺合規工作係相對新嘅概念，各地業界同監管機構仍然喺探索階段。
 

阿四：
金管局點樣促進香港發展Regtech？
 

小森：
舊年我哋推出咗「智慧銀行新紀元」，主要係推進金融科技應用到銀行產品同服務，今年就輪到Regtech啦！金管局會開放沙盒畀銀行同科技公司測試佢哋Regtech項目或概念。另外，金管局仲會研究點樣將Regtech應用喺（一）打擊洗錢及恐怖分子資金籌集、（二）審慎風險管理同合規、（三）「機器可讀」監管要求。而金管局亦會睇下點樣利用Suptech提升監管效率和成效㖭！"
http://www.thinkfintech.tw/Article?q=ART171120007,Regtech是什麼，為什麼它重要,"Regtech新創公司正在為企業節省約數十億美元的罰款，取代手動風險和使用先進的技術。

在Equifax網絡安全違規之後，超過1.43億的美國人將面臨財務欺詐的風險，而估計有300萬富國銀行(Wells Fargo)的客戶在不知不覺中盜取了他們的數位身份，從而開設欺詐性交易帳戶。

自金融危機爆發以來風險管理框架薄弱、治理缺失，幾乎可以永久性地破壞最強大的資本市場。然而，儘管危機發生後，監管機構進行了大規模的改革，但近期的事件表明，在駭客、欺詐和管理不善的情況下，該行業依然是多麼的脆弱。

從金融危機以來的最高違規事件，突顯了監管方面的重大差距對消費者造成的影響。
Regtech新創公司正在為企業節省約數十億美元的罰款，取代手動風險和使用先進的技術。

在Equifax網絡安全違規之後，超過1.43億的美國人將面臨財務欺詐的風險，而估計有300萬富國銀行(Wells Fargo)的客戶在不知不覺中盜取了他們的數位身份，從而開設欺詐性交易帳戶。

自金融危機爆發以來風險管理框架薄弱、治理缺失，幾乎可以永久性地破壞最強大的資本市場。然而，儘管危機發生後，監管機構進行了大規模的改革，但近期的事件表明，在駭客、欺詐和管理不善的情況下，該行業依然是多麼的脆弱。

從金融危機以來的最高違規事件，突顯了監管方面的重大差距對消費者造成的影響。



圖片來源：https://www.cbinsights.com/research/regtech-trends-fintech/?utm_campaign=Social%20Reports&utm_content=62810716&utm_medium=social&utm_source=facebook

為了滿足更好、更有效地監管企業，特別是金融企業，新興的監管科技(Regtech)新創公司正在開發旨在幫助企業提高合規性、降低風險和簡化流程的工具。

此外，Regtech公司可以幫助企業避免違規罰款，保持在不斷成長的監管和合規要求之上。展望未來，如果能夠儘早採納，Regtech在預測和預防下一次金融危機方面可以發揮關鍵作用。

在此分析中，深入探討了Regtech和Spotlight公司崛起背後的驅動因素，創建Regtech解決方案，以滿足特定的監管挑戰。

關鍵要點
對監管科技新創公司的投資正以創紀錄的速度成長：私人市場投資者在過去的5年裡，針對監管科技新創公司共有585筆，約5億美元。https://www.cbinsights.com/research/regtech-startups-deals-funding-trends/

監管規模為合規缺口創造了更多的機會：企業的資源已經與現有的監管要求保持聯繫。Regtech軟體正在合規程序進行數位化。

監管機構通過新立法和新監管機構加強了監管：監管機構沒有顯示出緩和的跡象，特別是鑑於近期的風險事件。公司可以求助於Regtech公司來簡化合規工作流程，並減少錯誤的可能性。

現有的基礎設施跟不上監管：新的監管要求越來越以技術和數據為導向。現有的基礎設施建立在傳統代碼上，不容易被替換，並且跟不上監管機構所期望的技術要求。新創公司正在尋求更便宜、可擴展的Regtech解決方案。

Regtech的下一個階段：如今，Regtech解決方案正在加強現有工作流程。Regtech的下一波將利用機器學習、自然語言處理(Natural Language Processing , NLP)和區塊鏈(Blockchain)等先進技術取代舊的政策和程式。

未來企業將越來越多地轉向新的監管科技，以應對不斷變化的監管環境。(可參考CBinsights Regtech市場地圖中的100多家新創公司。）

什麼是Regtech？

CBinsights對Regtech進行了廣泛的定義，包括旨在應對解決監管挑戰的技術和軟體，並幫助公司了解監管要求並保持合規。

該領域的公司幫助客戶達到合規標準，確保風險管理協議到位，並實施積極降低風險的控制措施。

該技術的範圍從補充現有的合規性、審計和風險工作流程到通過利用人工智慧(Artificial Intelligence)、機器學習(Machine Learning)和區塊鏈(Blockchain)等先進技術來替代和完全自動化。



圖片來源：https://www.cbinsights.com/research/regtech-trends-fintech/?utm_campaign=Social%20Reports&utm_content=62810716&utm_medium=social&utm_source=facebook


雖然這一分析將突顯一些關鍵的因素，這對Regtech興趣有很大的影響，但重要的是該領域還處於早期階段。

從CB Insights趨勢工具，可看到媒體對合規和監管方面的關注程度正在上升，從幾年前的少數媒體文章到成為公眾對話的一部分。





圖片來源：https://www.cbinsights.com/research/regtech-trends-fintech/?utm_campaign=Social%20Reports&utm_content=62810716&utm_medium=social&utm_source=facebook

以下是推動Regtech技術成長和採用的關鍵驅動因素，以及創業公司解決方案。

日益增加的監管壓力，為合規漏洞創造了更多的機會

金融服務、醫療保健和其他主要行業的監管規定已經令人生畏，監管機構也沒有顯示出緩解的跡象。

從長遠來看，全球有超過750家監管機構平均每天發布201條監管警報。監管日程表涵蓋了未來5年的主要規定；然而隨著新法例的通過，名單可能會增加。





圖片來源：https://www.cbinsights.com/research/regtech-trends-fintech/?utm_campaign=Social%20Reports&utm_content=62810716&utm_medium=social&utm_source=facebook

現有企業仍然主要依靠傳統的紙本處理，以滿足合規要求，而額外合規要求正在造成壓力。

在金融危機之後的幾年裡，最快的解決辦法是增加審計、風險和合規人員，以及公司的關鍵控制職能。然而由於這些領域的專業人才資源緊縮和人才競爭激烈，導致此不是一個可持續的解決方案。現在，企業正在努力實現工作流程的數位化和自動化。

如數位機器人軟體公司Ripcord正在幫助企業實現自動化並取代目前的紙本處理和監管報告系統。Ripcord的技術是使用自然語言處理來搜索記錄，證明公司是合規的，並為合規專業人員和監管機構創建數位審計跟踪，以確保數據安全。

監管機構已經增加了管轄權的監督- 並用它來打擊不良行為者

自2008 ~ 2009年金融危機以來，監管環境已經有了重大改變。

由於華爾街改革法案(Wall Street Reform Act)和多德-弗蘭克(Dodd - frank)等立法，監管機構現在擁有更多的管轄權。例如通過建立消費者金融保護局(Consumer Finance Protection Bureau , CFPB)等新的機構和舉措，監管也得到了加強。

更加複雜的是，監管機構有獨立的監管規定，這意味著其創造了自己的要求，這些要求往往會重疊。

例如，在美國大約有15個監管機構負責監管金融服務行業。如下所示，根據實體的類型，公司可以有多個監管機構來監督它們，並且可能需要滿足各種類型的要求。





圖片來源：https://www.cbinsights.com/research/regtech-trends-fintech/?utm_campaign=Social%20Reports&utm_content=62810716&utm_medium=social&utm_source=facebook

監管機構正在通過增加違規成本來進行新的監管。危機以來，金融服務公司已經向全球監管機構支付 超過321億美元的不當行為和管理不善的罰款。

Regtech可以幫助簡化環境，並通過創建儀表板來跟踪監管和要求，幫助企業因錯過最後期限而被罰款。

例如，FiscalNote提供了立法者、監管者和新聞媒體的監管數據的平台，根據客戶的個人資料和偏好來提醒公司適用的項目。這些工具幫助公司減少破譯新法律和監管要求所需的時間和資源。FiscalNote在2017年第一季提出了500萬美元的C-II系列，其中包括NEA、Visionnaire Ventures等。

違規行為繼續困擾著整個行業

儘管違規行為的罰款更加嚴厲，但新的醜聞不斷出現。如上所述，富國銀行已經陷入醜聞，其中包括“廣泛的非法”銷售行為，以及在客戶不知情的情況下欺詐性開立超過300萬個存款和信用卡帳戶。

2017年9月，該公司既沒有確認也沒有否認這一指控，但同意支付CFPB的1.85億美元的罰款。

自那時起，富國銀行(Wells Fargo)首席執行長John Stumpf下台，該公司因欺詐性汽車保險業務（即謊報GAP保險）而受到調查。富國銀行現在也在接受聯邦檢察機關對可疑外匯交易的調查。

富國銀行只是欺詐頭條新聞的一個例子，暗示該行業仍然缺乏足夠的預防性控制和監管。





圖片來源：https://www.cbinsights.com/research/regtech-trends-fintech/?utm_campaign=Social%20Reports&utm_content=62810716&utm_medium=social&utm_source=facebook

集中要求是Regtech公司正在幫助企業從被動轉變成主動，跟上要求的另一種方式。

如Fenergo等軟體供應商，為客戶提供了一個即開即用的規則資料庫。識別其的法律實體類型、司法管轄權、法人實體角色、預訂實體和提供的產品，Fenergo平台回饋相關規定、要求和行動等，以讓企業符合相應法規。

Fenergo已經從Insight Venture Partners、Investec Ventures和Aquiline Capital Partners籌集了8000萬美元的資金。

監管機構正在提高合規要求的技術標準

鑑於監管機構對企業的技術要求越來越高，人工專案報告正在被徹底創新改變。因此企業需要實施數據分析、定量風險建模、即時報告等，其也正在尋求Regtech的遵守。這部分是由於檢修現有基於服務器的基礎設施所帶來的高成本，以及企業對與現有技術差距，帶來相關風險的擔憂。

監管機構通常也沒有規定企業應該做什麼來滿足新的要求。在遺留系統之上的模糊需求是許多公司現在正尋求與軟體供應商合作的兩個原因。而Regtech新創公司的成本能更低，是因其在雲端中運作、更靈活以及可擴展以滿足不斷變化的監管環境。

為了幫助加強技術，Regtech公司正在開發軟體來自動化合規性工作流程。這包括WorkFusion等公司，其提供了一套自動化軟體，可以將文件數位化、集中數據，並提供一個安全的網站來傳輸各個行業的資訊。

WorkFusion於2017年第一季從Greycroft Partners、iNovia Capital、Mohr Davidow Ventures、Nokia Growth Partners、RTP Ventures、Wildcat Venture Partners籌集了3500萬美元的D系列。該公司將利用這筆資金擴大產品範圍，增加篩選和減少了解客戶流程中的誤報。





圖片來源：https://www.cbinsights.com/research/regtech-trends-fintech/?utm_campaign=Social%20Reports&utm_content=62810716&utm_medium=social&utm_source=facebook

企業推動標準化

監管環境的複雜性，促使企業呼籲監管機構對監管規範進行標準化。反過來，監管機構也開始與新創公司進行合作。

監管機構正在組建工作小組，以幫助鞏固監管規範並進行交叉分析。其也開始推動內部採用新技術。

一個積極的成果就是創建CFTC實驗室和CFPB加速計畫等內部沙箱，為整個行業提供資源和推動技術實驗。





圖片來源：https://www.cbinsights.com/research/regtech-trends-fintech/?utm_campaign=Social%20Reports&utm_content=62810716&utm_medium=social&utm_source=facebook

Regtech的未來

如今，許多獲得客戶關注的Regtech解決方案是相輔相成的。這些技術通過數位化和精簡化來提高工作流程的效率。

展望未來，下一波Regtech創新將利用人工智慧、機器學習、自然語言處理和區塊鏈技術來完全取代現有流程和人員。

Regtech也可以在區塊鏈上提供保證和合規性。區塊鏈的單向Regtech正在被利用來創建一個分散式帳本(Distributed Ledger Technology , DLT)審計跟踪。

例如，  Elliptic是一家早期的公司，已經從Santander InnoVentures和其他公司籌集了700萬美元的資金，為比特幣建立審計路徑。Elliptic的專業身份數據庫在全球數千個地點，包含數百萬比特幣地址。該新創公司標誌著比特幣區塊鏈的非法活動，並受到比特幣公司和執法機構的利用。

在未來，監管科技可以完全自動化並取代現有的監管合規政策和程序。短期影響可能是幫助企業從被動轉向主動的監管解釋和回應。從長遠來看，Regtech解決方案可以減少企業對人力或集中干預的需求，甚至可能減少對監管機構本身的需求。

關鍵字：Regtech、Artificial Intelligence、Machine Learning、Blockchain

資料來源：https://www.cbinsights.com/research/regtech-trends-fintech/?utm_campaign=Social%20Reports&utm_content=62810716&utm_medium=social&utm_source=facebook"
https://www.ibm.com/tw-zh/partnerworld/analytics/regtech,IBM RegTech,"讓我們談談 RegTech
在當前的監管環境中，金融機構面臨著更嚴格的審查、更低的利潤，然而客戶和利益相關者的期望卻不斷提高。觀看隨選網路研討會並聽取專家討論最新的風險和合規空間，以及 IBM 如何在先進創新、監管洞察和監管專業領域的交叉路口應變。"
https://cbaofficial.com/cba-info/%E9%87%91%E8%9E%8D%E7%A7%91%E6%8A%80%E7%9A%84%E4%B8%8B%E4%B8%80%E6%B3%A2%E9%9D%A9%E6%96%B0-regtech%E7%9B%A3%E7%AE%A1%E7%A7%91%E6%8A%80%E8%9E%8D%E5%90%88ai%E3%80%81%E5%8D%80%E5%A1%8A%E9%8F%88/,金融科技的下一波革新 – RegTech監管科技融合AI、區塊鏈，橫跨金融、法律,"區塊鏈發展越來越成熟與迅速，也在金融領域 Fintech 發揮重要角色！知名國際企業如Amazon、Microsoft、IBM等，也與銀行業合作，推出各種創新技術服務。 被虛擬貨幣詐欺？投資礦機被騙？比特幣不見了？遇到這些情形怎麼辦？

台灣科技 FBI：KryptoGO 重量科技！
透過跨境情資交換，協調國內金融監理、法制與執法力量，
投入防制洗錢、打擊資恐、追查重大犯罪及不法所得。
這不僅是法務部調查局的行動方針，
這也是 KryptoGO 重量科技執行長歐曜瑋的日常生活。
這不是美劇，這是真實存在在台灣的科技公司。

【Fintech的眾多技術中，區塊鏈備受關注！】
Adobe《2019年數位趨勢報告》結果顯示，有15％的受訪者認為，區塊鏈會是未來三年內最有商業潛力的技術應用；金融證照CFA特許金融分析師，也預計將區塊鏈與加密貨幣「納入考綱」，在這趨勢發展洪流之下，有個重要名詞，你一定得認識，那就是－RegTech

【金融科技的關鍵下一步 – 監管科技Regtech】
據世界銀行估計，洗錢交易的金額，每年約在 2.0 萬億至 3.5 萬億美元之間，約為全球 GDP 的 3~5%，。透過區塊鏈技術的監管：
✔可以輕鬆的共享信息
✔降低監管成本增加效率

早期發展時的區塊鏈弊端案例
在早期你可能聽過加密貨幣的投資詐騙、利用加密貨幣洗錢、謊稱區塊鏈的應用， 而區塊鏈技術公司 BuckChaf 執行長 Enzo 表示在 2018 年 ICO (Initial Coin Offering) 熱潮正處於中後期階段，他正在英國 BBA (British Blockchain Association) 做研究時，曾多次受理許多歐洲新創公司發過來的白皮書，大部分也都是來自世界各地頂尖學校的人或是公司的老闆，內容會寫到自己的公司有些創新或不錯的區塊鏈想法，希望 BBA 可以給他們認證，一開始接觸會覺得那些想法與項目都還不錯也很正常，後來研究過後發現很多想法與項目走到最後都是虛幻的，即便 BBA 未認證過，還是有一些公司會直接在市場上募資到非常多的錢，但兩年過後多半都消失了，這也許是早期發展時，大家對於區塊鏈的不了解所導致的一個現象。

KryptoGO 創辦人 Kordan 則表示只要一個革命性的技術出現，之後必然會發生泡沫化，但 Kordan 抱持著樂觀態度，相信區塊鏈會崛起，因為曲線太像，也因為相信泡沫化及冷靜過後留下的都是真正有能力的。

面對產業亂象的解決方式
KryptoGO 創辦人 Kordan 表示這些亂象都來自於一個特性—匿名性，區塊鏈上面每一個人可能都會有比特幣或其他加密貨幣，這些幣都是放在一個地址，這個地址也就代表了錢包，這個特性讓大家很容易用這個技術來洗錢。第一個你必須讓它「可讀」，這也是創立Krypto GO 的初衷，Kordan 想讓區塊鏈交易歷史就像銀行對帳單一樣簡單，再藉由貼標籤了解這筆交易的風險程度。

RegTech是什麼
RegTech 為 Regulation Technology 的縮寫，也就是監管科技、合規科技，主要是在問銀行裡頭在合什麼規，其實這個規範就是防制洗錢，這裡定義的洗錢也就是藏匿任何非法的所得，「好處是你少了國界，挑戰是你怎麼監管？」KryptoGO 創辦人 Kordan 說。

KryptoGO 創辦人 Kordan 接著說明 KryptoGO 其實就是幫客戶穿上了合規盔甲，藉由 KYABC 也就是 Know your Address 、Know your Business、Know your Customer，這三件事情就是確認你的區塊鏈地址、你的法人身份以及實質受益人身份、你的自然人身份，這些事情都在幫金融機構確認一件事情，就是「客戶身份」，才得以進行合法的業務關係。

區塊鏈學習
2017 年比特幣大漲，市場對於區塊鏈、加密貨幣熱衷程度超乎預期。許多單位藉由 ICO 募到了大量的資金，雖然其中有許多詐騙，募了資金後倒閉或捲款，但也有非常多企業為了實現區塊鏈落地應用的願景，仍努力開發中。台灣目前真正有落地開發以及培養相關人才與教導投資人的企業有 BuckChaf 與旗下的 CBA 亞洲區塊鏈學院。

CBA亞洲區塊鏈學院 有完整的課程，紮實培訓區塊鏈商業應用規劃師與技術專家，而且提供海內外企業資源，提供國際企業參訪及人才媒合等服務。台灣許多企業都是我們內訓的客戶，例如廣達電腦、華固建設、威剛科技等，我們也曾到過台灣許多大學演講，例如國立交通大學、臺北科技大學、國立臺北大學、輔仁大學等。CBA 歡迎想要增進區塊鏈知識的朋友們加入。"
https://www.netadmin.com.tw/netadmin/zh-tw/trend/CC999E27AF1F45DAA2F4DD76848F2ED3,RegTech借力人工智慧　整合偵測強化內控防弊,"面對數位化以及金融科技發展，過去以產品為導向的作法已無法滿足消費者的期待，愈來愈多的金融服務業開始藉由科技深入瞭解顧客需求，提供對應的金融服務以強化體驗，在此同時合規與金融犯罪防制的議題也隨之浮現。
面對數位化以及金融科技（FinTech）發展，過去以產品為導向的作法已無法滿足消費者的期待，愈來愈多的金融服務業開始藉由科技深入瞭解顧客需求，提供對應的金融服務以強化體驗，而各式新型態的數位金融商品例如行動支付、無卡提款、線上投保等等也紛紛上線； 而另一方面，新冠肺炎帶來了生活與工作型態的改變，為了減少不必要的接觸，消費者對於使用數位金融服務的需求大幅攀升，進一步也加速金融服務轉型。

然而，一片強調更優質數位體驗氛圍的同時，合規與金融犯罪防制的議題也隨之浮現。舉例而言，免臨櫃線上開戶，如何進行身份認證？如何確認消費者本人真的有開戶的意願？這也是為何在金融監理科技（RegTech）中，「反洗錢」（Anti-Money Laundering，AML）以及「了解你的客戶」（Know Your Customer，KYC）受到非常大的關注。另外，因應防理專舞弊，而要求落實「了解你的員工」（Know your Employee，KYE）制度的反內部詐欺也是監理的範疇。

聚焦洗錢防制、詐欺舞弊

簡單地說，監理科技就是將創新科技應用在金融監理作業上，運用AI、大數據、區塊鏈等技術來達到監管的目的，經常被運用在洗錢防制、打擊資恐以及法規遵循等層面上。而反洗錢是金融機構為了預防各種犯罪組織將非法資金偽裝成合法資金的各種防制措施，其中一種具體的作法就是對於客戶進行了解與審查，也就是KYC。

至於KYE則是藉由掌握理專的個人操守、平常行為以及財務狀況等，來進行事前的預防，藉由員工是否有不正常行為，像是明明休假卻登入系統、帳戶突然匯進一筆巨款，或是突然買了一輛跑車，但依他的薪資條件可能買不起等等的異常事件，來進行事先的防範。

近幾年，本土銀行在AML與KYC、KYE出現明顯疏失，也突顯監理科技的重要性。2016年，兆豐銀行因洗錢內控疏失，遭美國紐約州金融服務署（NYDFS）重罰1.8億美元（約57億台幣）；而理專挪用客戶資金的案件也不少，去年國泰世華板橋分行洪姓前理財專員不當挪用客戶資金新台幣1,732萬元、台新銀行周姓高階理財專員涉及10年內私自挪用客戶金額高達新台幣3億元、玉山銀行也發生兩名不肖理專疑挪用客戶資金，涉案金額分別達新台幣3,600萬與1億元，而這還不包含更早之前中信銀行、台中銀行、彰化銀行、永豐銀行等等的裁罰案件。

隨著國際間對於防制洗錢議題日漸重視，台灣在產官各界努力後也於2019年亞太防制洗錢組織（APG）第三輪相互評鑑中獲評為整體成績最佳的「一般追蹤」，即便監理科技成為熱門議題，敦陽科技金融事業處副總經理林智強指出，銀行部署洗錢防制系統後，是否就能萬里無雲？其實還有許多挑戰。

別把理專當賊善用科技防範偵測

他舉例，洗錢防制方案需要以資料為基礎，因此資料的正確性極為重要，如果餵進不對的資料，AML做出來的結果無疑就是垃圾進、垃圾出而已。即使有了資料，大量的資料量還是需要分析平台來協助處理。另外，市場上也提出運用區塊鏈，來共享銀行KYC資料的作法，以聯合打擊犯罪。然而在實務層面上，資料共享的「資料」應該要存放在何處？金管會？法務調查局？還是聯徵中心？技術上，比較可行的辧法是建立一個私有鏈，讓每個參與的銀行，甚至包含金管會與法務調查局都可以是一個節點，至於在鏈上可以分享的訊息則由大家共同指定，如此一來就沒有所謂的管理問題。「目前來看，資料共享的作法普遍都受到銀行業的認可，問題是，由誰提供的技術能夠讓各大銀行都能認同就是一項挑戰，在這方面，工研院與敦陽也正在合作，希望能夠加以克服。」

另一方面，為了防範理專舞弊，金管會特別訂定「理專十誡」，希望銀行能嚴格落實。其中，包含了研議建置妥適有效的理專輪調制度，以及在理專休假期間執行內部查核機制；避免理專與客戶私下資金往來，要求銀行研議建立帳戶監控機制、利用自動化交易監控系統，篩選可疑交易以及設置異常舉報機制；同時也明定員工應秉持誠信原則招攬及服務，嚴禁任何形式的代客保管、擅自交易、不當招攬等等。

林智強指出，在理專內控作業準則第七條中便明文提到，銀行在事後查核時，可不定期抽查理財專員人員抽屜，確認有無代客保管印章、帳戶的行為，事實上，他也曾聽聞，不只是抽屜，甚至連安全帽內層、置物櫃都會加以盤查，「然而，這種將理專當成『賊』來看待的思維並不合理，而應該採用更好的方式，例如透過科技的方法，例如大數據與人工智慧（AI）來進行防範偵測。」


敦陽科技金融事業處副總經理林智強指出，為了防範理專舞弊，金管會特別訂定「理專十誡」，希望銀行能嚴格落實。
國際間，包含星展銀行、新加坡大華銀行（UOB）都早已運用大數據與AI進行內部詐欺（Internal Fraud）以及支付詐欺（Payments Fraud）的監控，而採用的解決方案正是由敦陽代理的NetGuardians所提供。其為一家瑞士金融科技公司，主要針對銀行產業並且專門在鎖定反詐欺市場，其優勢在於已經有一個立即可用的AI模型，因此銀行不需要再重新訓練模型，在綜合效益上，可節省83%假警報，同時節省93%的詐欺調查時間。目前，台灣已有銀行導入這項方案，主要運用在內部詐欺防制、監控客戶及員工交易活動、監控臨櫃及網銀使用者行為，另外也批次監控國內外匯兌、臨櫃、網銀、ATM等交易。

雙管齊下降低誤報率

他解釋，傳統詐欺偵測產品的導入方式可分為Rule Based方案或是採用Initial AI Based解決方案，前者是建立一條規則來偵測一種特定情境，而且只能針對已知的詐欺行為來建立規則，只要一符合條件就會發出告警，最終每天都有龐大的告警數量，誤報率高。而Initial AI Based解決方案則需要龐大的資料科學家團隊，從資料開始收集，然後進行特徵工程、建立模型、訓練，經驗證後再部署到銀行內部環境，一般來說，這個過程需要投注相當的時間。

反觀NetGuardians AI詐欺偵測平台，林智強指出，因為已經具備Ready-to-run立即可用偵測模型，因此銀行無須從零開始建立，而且資料進入模型分析後，便可以透過行員及顧客的行為分析來識別異常交易及現象來偵測舞弊交易，協助銀行進行內部舞弊管理並且針對新型態舞弊方式進行及時發現與預防。「此偵測平台採取的是整合型的偵測手法，透過監督式以及非監督式學習，來探知到未知模式的詐欺，如此一來便可以降低誤報率。」
"
https://www.104.com.tw/job/77477,RegTech 商業分析顧問｜勤業眾信聯合會計師事務所｜台北市 …,"工作內容
我們負責從事法遵、合規相關領域的顧問諮詢以及技術解決方案設計、導入相關工作，邀請想挑戰相關工作領域的夥伴加入。
工作內容：
(1) 與客戶溝通與追蹤RegTech產品需求；
(2) 於導入RegTech產品過程執行專案管理；
(3) 與第三方溝通產品相關需求；
(4) 協助需求分析與撰寫系統規格書等需求文件；
職務類別
顧問人員
工作待遇
待遇面議（經常性薪資達 4 萬元或以上）
工作性質
全職
上班地點
台北市信義區松仁路100號20樓 (距捷運象山站280公尺) 
管理責任
管理人數未定
出差外派
需出差，一年累積時間未定
上班時段
日班
休假制度
週休二日
可上班日
不限
需求人數
不限"
https://www.experian.com.tw/insights/%E6%93%81%E6%8A%B1regtech%e3%80%80%E7%9B%8A%E5%8D%9A%E7%9D%BF%E5%8A%A9%E5%8A%9B%E5%8F%B0%E7%81%A3%E9%87%91%E8%9E%8D%E6%A9%9F%E6%A7%8B%E9%96%8B%E6%8B%93%E6%95%B8%E9%87%91%E6%A5%AD%E5%8B%99,擁抱RegTech　益博睿助力台灣金融機構開拓數金業務,"近年來台灣資安風暴越演越烈，小至個人，大至國家的資料被暴露在風險當中。今年5月，美國資安公司Cyble 指出，全台多達2,000萬筆來自戶政資料庫的個資在暗網上流傳。去年6月銓敘部也被爆出外流59萬筆公務員個資，民間單位遭到駭客攻擊的次數更是不勝枚舉，顯見台灣不論是政府或民間機構，仍急需更強而有力的資安防護機制。場景轉換到金融領域，強化資安風險管控對銀行業者來說更是刻不容緩的必要措施，也因此掀起許多有關於「RegTech」的熱議。

 

RegTech為Regulatory Technology的縮寫，一般譯為「法遵科技」或「監理科技」，但這兩者的涵義與應用層面卻不盡相同。全球領先的資訊服務公司益博睿（Experian）亞太區執行長Ben Elliott表示：「站在金融業者的角度，RegTech指的是「法遵科技」，可協助監控金融交易過程，以符合監管機關的法規要求，例如：反洗錢交易偵測等；而對監管機關而言，RegTech則是「監理科技」，利用大數據、機器學習等技術進行進一步分析，達到資安風險防範與管理。」

 

益博睿全方位解決方案　助金融機構應對數位化變革

 

益博睿進一步觀察到，過往金融資安議題並沒有特別受到重視。不過，近幾年隨著數位金融服務發展，加上消費者習慣改變，促使電子支付、電子商務平台如雨後春筍般大量興起，因而衍生出日趨複雜的風險監管問題，使得金融監管勢在必行。如何在開拓數位金融業務同時，利用技術降低風險、提升營運效率、改善客戶體驗，並有效控管成本，便成為台灣金融機構的首要之務。

 

益博睿針對客戶信用生命週期的各個接觸點，提供了一站式服務的解決方案。以信用卡申請為例，在初期申請過程，金融業者能透過益博睿的詐欺風險評估解決方案 FraudNet，即時收集與分析客戶的設備資訊，快速辨識出詐欺行為，並將風險評估結果和其他可用數據傳送至PowerCurve 決策引擎進行判斷。決策引擎會自動建議信用卡申請的額度、利率，並完成審核。而在後期申請過程，金融機構則會採用資料安全保護系統CSID CyberAgent對信用卡進行監控，一旦發現個資洩漏或異常的交易活動，就會立即通知客戶採取因應措施，防止金融資產遭受損失。

 

最近益博睿收到許多金融客戶詢問，針對快速應對個人信貸和房貨的申請核貸需求，如何達成整合inbound/outbound資源串接、資料發查、運算和流程能力，解決傳統決策引擎無法處理的問題，提供開放的整合平台並符合法規，這是益博睿PowerCurve決策策略引擎快速應對業務場景千變萬化的應用場景，其優點還包括「紓困方案，秒貸決策」「調整決策因子，秒級模擬結果」，讓業務單位能導入敏捷式組態應用，超越敏捷式開發架構，加速上線時程。

 

值得一提的是，考量每間金融機構的業務目標不同，益博睿亦提供客製化服務，依據個別機構的需求彈性調整系統參數。此外，益博睿的營運版圖擴及全球，擁有豐富的國際化資源供金融機構運用，以及經過市場驗證的最佳模板作為參考基礎，使解決方案能夠有效運作並符合成本效益。

 

創新與監理並進　推升台灣數位金融藍圖

 

聚焦台灣，益博睿（Experian）亞太區執行長Ben Elliott認為，目前RegTech發展仍處於啟蒙階段。由於台灣市場競爭激烈，金融業者必須在兼顧獲利與社會責任之下，持續提供消費者高效且精準的服務，藉此提升數位金融體驗。益博睿深耕台灣市場，在地團隊累積多年經驗，深刻了解台灣金融機構普遍的痛點，能為業者提供全方位的解決方案顧問服務，即時回應多變的機構需求。

 

金管會在今年公布「未來3年金融科技發展路徑圖」，先前更完成金融科技創新園區FinTech Space建置，並針對金融監理沙盒制度設立專法，彰顯出政府推動金融科技生態系的決心。隨著金融科技發展日新月異，唯有RegTech發展與時俱進，才能創造更安全且新穎的金融服務體驗。"
https://www.hk01.com/%E8%B2%A1%E7%B6%93%E5%BF%AB%E8%A8%8A/543513/%E9%87%91%E7%AE%A1%E5%B1%80-%E6%8E%A8%E7%9B%A3%E7%AE%A1%E7%A7%91%E6%8A%80regtech%E7%99%BD%E7%9A%AE%E6%9B%B8-%E5%86%80%E6%B8%AF2025%E5%B9%B4%E5%89%8D%E6%88%90%E5%85%A8%E7%90%83%E9%A0%98%E5%B0%8E%E8%80%85,金管局︰推監管科技RegTech白皮書　冀港2025年前成全球領導者,"金管局副總裁阮國恒在香港金融科技周（FinTech Week）網上致辭時指出，局方就監管科技（RegTech）推出白皮書，當中涉及就未來監管科技的五個主要的領域，包括監管科技新發展、探討現有做法及採納監管科技的挑戰、建立執行框架、就廣泛採納監管科技提出建議以及為金管局制定推廣路線圖，而白皮書之後將可在網上下載。

阮國恒指出白皮書三大範疇提出建議，首先要明白現時監管科技的環境，之後要分析現有與監管科技相關的場景。他指出監管科技是指聚焦於協助金融機構應對監管及合規的技術，在銀行層面監管科技有助提升風險管理、減低成本並吸引客戶，對客戶而言監管科技則有助改善用戶體驗並帶動金融普及，對監管機構來說監管科技則可令風險管理及合規等更加有效，同時亦可減少金融系統風險。

他續指，近年香港在採納監管科技上已有很大的進展，但仍存在很多的門檻，包括是成本、解決方案的成熟程度、人才、風險憂慮及價值等，他認為監管科技長遠而言其實可節省成本，而現時亦有很多為市場設計的監管技術可用。他指出香港有多個目標，包括是期望在2025年前成為監管科技的全球領導者，並期望香港銀行業可廣泛使用監管科技，令香港成為監管科技解決方案和人才的培養基地。另外他亦期望可在明年下半年設立監管科技人才中心及推出監管科技相關的指數等。"
https://www.futures.org.tw/file/attachmentStatic/4028859e6efef211016f1835b74f0fee,淺談RegTech（法遵科技、監理科 技）興起,"金融科技的席捲浪潮
一、 科技技術推動金融數位轉型
科技技術快速變革與運用的浪潮推動
之下，金融業興起運用金融科技（Financial
technology；FinTech）進行數位化的轉型，除
了衝擊原有傳統服務模式之外，更促使金融
產業板塊挪移、格局翻轉，透過人手一機的
行動載具支付、雲端運算平台、人工AI智能
學習…等科技技術正逐步滲透到金融服務區
塊裡，形成更有效率新型態的商業模式。
二、 金融科技在金融業的運用
新加坡是全球主要金融外匯交易中心之
一，其金融管理局（Monetary Authority of
Singapore；MAS）局長 Ravi Menon 在 2015
年 6 月的演講中指出，有六大科技技術正扮
演金融產業改變的關鍵角色，包括了行動支
付、身分驗證及生物識別、區塊鏈、雲端運
算、大數據及機器學習。其中金融業主要應
用於支付清算、交易結算、借貸融資、財富
管理、零售市場、保險及貿易金融領域。三、 政府對金融科技的態度
我國行政院於2016年底提出「數位國
家、創新經濟發展方案」（DIGI+）政策白
皮書，內容說明了政府將以數位科技做為國
家經濟發展的基礎，進而推動智慧經濟、產
業創新、驅動產業往高值化方向發展，建構
一個「智慧國家」的藍圖。
2017年12月29日，立法院三讀通過「金
融科技創新實驗條例」，共同促成全球首部
金融監理沙盒法律，這個俗稱的金融「監理
沙盒」（Regulatory Sandbox）是一種為了激
發創新而產生的實驗機制，不僅將營造適合
金融創新業務發展之友善法規環境之外，更
提升我國金融市場之效率及品質競爭力。
建構監理沙盒環境只是一個改變的起
點，創造了一個共同實驗的環境，找到未來
方向的過渡手法，不僅是政府扶植新創業者
的方式，也是監管者學習如何應用RegTech
的地方。
四、 主管機關-對金融科技的態度
金融監督管理委員會（以下稱金管會）
延續落實政府政策，推動金融科技創新實驗
機制與創新應用環境，鼓勵新創科技或經營
模式運用至金融市場。自2018年開放金融
科技創新實驗申請，規劃在2021年4月底以
前，每年將受理10件金融監理沙盒實驗申請
案。截至今年10月底前已有6件核准案件，
有凱基銀行與中華電信合作辨識身分的信用
卡業務、易安聯的外籍移工跨境匯款、富邦
銀行與台新銀行資金移轉清算、國泰人壽與
旅遊業的跨業平台、遠東Bankee銀行基金交
換服務，還有群益金鼎證券的資產轉換T+0
合約。
監理科技繼金融科技後的興起
一、 金融科技衍生出監理科技需求
FinTech的快速崛起打破了原本金融產業
的定義和界線，讓科技新創業者也能扮演金
融服務的角色。金融業界形容FinTech就像是
讓非金融業者光明正大來「搶銀行」、「搶
飯碗」。在這股強大的危機感之下，促使金
融業必須加快在數位化轉型與新科技運用上
的速度，然而，在創新過程中，也將各種新
技術帶入法遵、監理的領域，RegTech（法
遵科技、監理科技）因此就應運而生。
二、 監理科技的定義
RegTech可稱為監理科技或法遵科技，
即Regulation 與 Technology結合的新名詞。
簡單來說，監理法遵科技是應用人工智慧
（AI）、機器人流程自動化（RPA）、大數
據分析 …等技術，協助完成以前依賴人工處
理的法規遵循與監理作業。
國際金融協會（Institute of international
Finance）對監理科技之定義，係指使用新科
技更有效及更具效率的解決規範及合規之要
求。英國金融監督管理局（Financial Conduct
Authority, FCA）稱監理科技為協助金融服務
合乎規範的新技術。
金管會資訊服務處處長蔡福隆在一場RegTech論壇中更清楚的說明這其中的意
涵。「RegTech是監理科技也可說是法遵科
技」。他指出從金融業者角度來看RegTech
可視為「法遵科技」，是指透過科技身分識
別、整合財務交易和分析金融行為，提供給
企業解決監管問題，來符合監理機關的法遵
要求。RegTech對監理機關而言則是「監理
科技」，指運用資訊科技，分析研判業者申
報與查核的相關資料，達成風險控管、資安
預警與消費者保護等監理目的。
三、監理為何需要運用科技"
https://cbaofficial.com/cba-info/%E9%87%91%E8%9E%8D%E7%A7%91%E6%8A%80%E7%9A%84%E4%B8%8B%E4%B8%80%E6%B3%A2%E9%9D%A9%E6%96%B0-regtech%E7%9B%A3%E7%AE%A1%E7%A7%91%E6%8A%80%E8%9E%8D%E5%90%88ai%E3%80%81%E5%8D%80%E5%A1%8A%E9%8F%88/,金融科技的下一波革新 – RegTech監管科技融合AI、區塊鏈，橫跨金融、法律,"區塊鏈發展越來越成熟與迅速，也在金融領域 Fintech 發揮重要角色！知名國際企業如Amazon、Microsoft、IBM等，也與銀行業合作，推出各種創新技術服務。 被虛擬貨幣詐欺？投資礦機被騙？比特幣不見了？遇到這些情形怎麼辦？

台灣科技 FBI：KryptoGO 重量科技！
透過跨境情資交換，協調國內金融監理、法制與執法力量，
投入防制洗錢、打擊資恐、追查重大犯罪及不法所得。
這不僅是法務部調查局的行動方針，
這也是 KryptoGO 重量科技執行長歐曜瑋的日常生活。
這不是美劇，這是真實存在在台灣的科技公司。

【Fintech的眾多技術中，區塊鏈備受關注！】
Adobe《2019年數位趨勢報告》結果顯示，有15％的受訪者認為，區塊鏈會是未來三年內最有商業潛力的技術應用；金融證照CFA特許金融分析師，也預計將區塊鏈與加密貨幣「納入考綱」，在這趨勢發展洪流之下，有個重要名詞，你一定得認識，那就是－RegTech

【金融科技的關鍵下一步 – 監管科技Regtech】
據世界銀行估計，洗錢交易的金額，每年約在 2.0 萬億至 3.5 萬億美元之間，約為全球 GDP 的 3~5%，。透過區塊鏈技術的監管：
✔可以輕鬆的共享信息
✔降低監管成本增加效率

早期發展時的區塊鏈弊端案例
在早期你可能聽過加密貨幣的投資詐騙、利用加密貨幣洗錢、謊稱區塊鏈的應用， 而區塊鏈技術公司 BuckChaf 執行長 Enzo 表示在 2018 年 ICO (Initial Coin Offering) 熱潮正處於中後期階段，他正在英國 BBA (British Blockchain Association) 做研究時，曾多次受理許多歐洲新創公司發過來的白皮書，大部分也都是來自世界各地頂尖學校的人或是公司的老闆，內容會寫到自己的公司有些創新或不錯的區塊鏈想法，希望 BBA 可以給他們認證，一開始接觸會覺得那些想法與項目都還不錯也很正常，後來研究過後發現很多想法與項目走到最後都是虛幻的，即便 BBA 未認證過，還是有一些公司會直接在市場上募資到非常多的錢，但兩年過後多半都消失了，這也許是早期發展時，大家對於區塊鏈的不了解所導致的一個現象。

KryptoGO 創辦人 Kordan 則表示只要一個革命性的技術出現，之後必然會發生泡沫化，但 Kordan 抱持著樂觀態度，相信區塊鏈會崛起，因為曲線太像，也因為相信泡沫化及冷靜過後留下的都是真正有能力的。

面對產業亂象的解決方式
KryptoGO 創辦人 Kordan 表示這些亂象都來自於一個特性—匿名性，區塊鏈上面每一個人可能都會有比特幣或其他加密貨幣，這些幣都是放在一個地址，這個地址也就代表了錢包，這個特性讓大家很容易用這個技術來洗錢。第一個你必須讓它「可讀」，這也是創立Krypto GO 的初衷，Kordan 想讓區塊鏈交易歷史就像銀行對帳單一樣簡單，再藉由貼標籤了解這筆交易的風險程度。

RegTech是什麼
RegTech 為 Regulation Technology 的縮寫，也就是監管科技、合規科技，主要是在問銀行裡頭在合什麼規，其實這個規範就是防制洗錢，這裡定義的洗錢也就是藏匿任何非法的所得，「好處是你少了國界，挑戰是你怎麼監管？」KryptoGO 創辦人 Kordan 說。

KryptoGO 創辦人 Kordan 接著說明 KryptoGO 其實就是幫客戶穿上了合規盔甲，藉由 KYABC 也就是 Know your Address 、Know your Business、Know your Customer，這三件事情就是確認你的區塊鏈地址、你的法人身份以及實質受益人身份、你的自然人身份，這些事情都在幫金融機構確認一件事情，就是「客戶身份」，才得以進行合法的業務關係。

區塊鏈學習
2017 年比特幣大漲，市場對於區塊鏈、加密貨幣熱衷程度超乎預期。許多單位藉由 ICO 募到了大量的資金，雖然其中有許多詐騙，募了資金後倒閉或捲款，但也有非常多企業為了實現區塊鏈落地應用的願景，仍努力開發中。台灣目前真正有落地開發以及培養相關人才與教導投資人的企業有 BuckChaf 與旗下的 CBA 亞洲區塊鏈學院。

CBA亞洲區塊鏈學院 有完整的課程，紮實培訓區塊鏈商業應用規劃師與技術專家，而且提供海內外企業資源，提供國際企業參訪及人才媒合等服務。台灣許多企業都是我們內訓的客戶，例如廣達電腦、華固建設、威剛科技等，我們也曾到過台灣許多大學演講，例如國立交通大學、臺北科技大學、國立臺北大學、輔仁大學等。CBA 歡迎想要增進區塊鏈知識的朋友們加入。"
https://www.netadmin.com.tw/netadmin/zh-tw/trend/CC999E27AF1F45DAA2F4DD76848F2ED3,RegTech借力人工智慧　整合偵測強化內控防弊,"面對數位化以及金融科技發展，過去以產品為導向的作法已無法滿足消費者的期待，愈來愈多的金融服務業開始藉由科技深入瞭解顧客需求，提供對應的金融服務以強化體驗，在此同時合規與金融犯罪防制的議題也隨之浮現。

 

面對數位化以及金融科技（FinTech）發展，過去以產品為導向的作法已無法滿足消費者的期待，愈來愈多的金融服務業開始藉由科技深入瞭解顧客需求，提供對應的金融服務以強化體驗，而各式新型態的數位金融商品例如行動支付、無卡提款、線上投保等等也紛紛上線； 而另一方面，新冠肺炎帶來了生活與工作型態的改變，為了減少不必要的接觸，消費者對於使用數位金融服務的需求大幅攀升，進一步也加速金融服務轉型。

然而，一片強調更優質數位體驗氛圍的同時，合規與金融犯罪防制的議題也隨之浮現。舉例而言，免臨櫃線上開戶，如何進行身份認證？如何確認消費者本人真的有開戶的意願？這也是為何在金融監理科技（RegTech）中，「反洗錢」（Anti-Money Laundering，AML）以及「了解你的客戶」（Know Your Customer，KYC）受到非常大的關注。另外，因應防理專舞弊，而要求落實「了解你的員工」（Know your Employee，KYE）制度的反內部詐欺也是監理的範疇。

聚焦洗錢防制、詐欺舞弊

簡單地說，監理科技就是將創新科技應用在金融監理作業上，運用AI、大數據、區塊鏈等技術來達到監管的目的，經常被運用在洗錢防制、打擊資恐以及法規遵循等層面上。而反洗錢是金融機構為了預防各種犯罪組織將非法資金偽裝成合法資金的各種防制措施，其中一種具體的作法就是對於客戶進行了解與審查，也就是KYC。

至於KYE則是藉由掌握理專的個人操守、平常行為以及財務狀況等，來進行事前的預防，藉由員工是否有不正常行為，像是明明休假卻登入系統、帳戶突然匯進一筆巨款，或是突然買了一輛跑車，但依他的薪資條件可能買不起等等的異常事件，來進行事先的防範。

近幾年，本土銀行在AML與KYC、KYE出現明顯疏失，也突顯監理科技的重要性。2016年，兆豐銀行因洗錢內控疏失，遭美國紐約州金融服務署（NYDFS）重罰1.8億美元（約57億台幣）；而理專挪用客戶資金的案件也不少，去年國泰世華板橋分行洪姓前理財專員不當挪用客戶資金新台幣1,732萬元、台新銀行周姓高階理財專員涉及10年內私自挪用客戶金額高達新台幣3億元、玉山銀行也發生兩名不肖理專疑挪用客戶資金，涉案金額分別達新台幣3,600萬與1億元，而這還不包含更早之前中信銀行、台中銀行、彰化銀行、永豐銀行等等的裁罰案件。

隨著國際間對於防制洗錢議題日漸重視，台灣在產官各界努力後也於2019年亞太防制洗錢組織（APG）第三輪相互評鑑中獲評為整體成績最佳的「一般追蹤」，即便監理科技成為熱門議題，敦陽科技金融事業處副總經理林智強指出，銀行部署洗錢防制系統後，是否就能萬里無雲？其實還有許多挑戰。

別把理專當賊善用科技防範偵測

他舉例，洗錢防制方案需要以資料為基礎，因此資料的正確性極為重要，如果餵進不對的資料，AML做出來的結果無疑就是垃圾進、垃圾出而已。即使有了資料，大量的資料量還是需要分析平台來協助處理。另外，市場上也提出運用區塊鏈，來共享銀行KYC資料的作法，以聯合打擊犯罪。然而在實務層面上，資料共享的「資料」應該要存放在何處？金管會？法務調查局？還是聯徵中心？技術上，比較可行的辧法是建立一個私有鏈，讓每個參與的銀行，甚至包含金管會與法務調查局都可以是一個節點，至於在鏈上可以分享的訊息則由大家共同指定，如此一來就沒有所謂的管理問題。「目前來看，資料共享的作法普遍都受到銀行業的認可，問題是，由誰提供的技術能夠讓各大銀行都能認同就是一項挑戰，在這方面，工研院與敦陽也正在合作，希望能夠加以克服。」

另一方面，為了防範理專舞弊，金管會特別訂定「理專十誡」，希望銀行能嚴格落實。其中，包含了研議建置妥適有效的理專輪調制度，以及在理專休假期間執行內部查核機制；避免理專與客戶私下資金往來，要求銀行研議建立帳戶監控機制、利用自動化交易監控系統，篩選可疑交易以及設置異常舉報機制；同時也明定員工應秉持誠信原則招攬及服務，嚴禁任何形式的代客保管、擅自交易、不當招攬等等。

林智強指出，在理專內控作業準則第七條中便明文提到，銀行在事後查核時，可不定期抽查理財專員人員抽屜，確認有無代客保管印章、帳戶的行為，事實上，他也曾聽聞，不只是抽屜，甚至連安全帽內層、置物櫃都會加以盤查，「然而，這種將理專當成『賊』來看待的思維並不合理，而應該採用更好的方式，例如透過科技的方法，例如大數據與人工智慧（AI）來進行防範偵測。」


敦陽科技金融事業處副總經理林智強指出，為了防範理專舞弊，金管會特別訂定「理專十誡」，希望銀行能嚴格落實。
國際間，包含星展銀行、新加坡大華銀行（UOB）都早已運用大數據與AI進行內部詐欺（Internal Fraud）以及支付詐欺（Payments Fraud）的監控，而採用的解決方案正是由敦陽代理的NetGuardians所提供。其為一家瑞士金融科技公司，主要針對銀行產業並且專門在鎖定反詐欺市場，其優勢在於已經有一個立即可用的AI模型，因此銀行不需要再重新訓練模型，在綜合效益上，可節省83%假警報，同時節省93%的詐欺調查時間。目前，台灣已有銀行導入這項方案，主要運用在內部詐欺防制、監控客戶及員工交易活動、監控臨櫃及網銀使用者行為，另外也批次監控國內外匯兌、臨櫃、網銀、ATM等交易。

雙管齊下降低誤報率

他解釋，傳統詐欺偵測產品的導入方式可分為Rule Based方案或是採用Initial AI Based解決方案，前者是建立一條規則來偵測一種特定情境，而且只能針對已知的詐欺行為來建立規則，只要一符合條件就會發出告警，最終每天都有龐大的告警數量，誤報率高。而Initial AI Based解決方案則需要龐大的資料科學家團隊，從資料開始收集，然後進行特徵工程、建立模型、訓練，經驗證後再部署到銀行內部環境，一般來說，這個過程需要投注相當的時間。

反觀NetGuardians AI詐欺偵測平台，林智強指出，因為已經具備Ready-to-run立即可用偵測模型，因此銀行無須從零開始建立，而且資料進入模型分析後，便可以透過行員及顧客的行為分析來識別異常交易及現象來偵測舞弊交易，協助銀行進行內部舞弊管理並且針對新型態舞弊方式進行及時發現與預防。「此偵測平台採取的是整合型的偵測手法，透過監督式以及非監督式學習，來探知到未知模式的詐欺，如此一來便可以降低誤報率。」"
https://blog.lawsnote.com/2020/03/lawsnote-regtech/,Lawsnote RegTech | 法令遵循系統性解決方案,"隨著全世界越來越重視法規監管的趨勢，各領域面臨的法遵成本越來越高。若要說2019年成長最快速的領域是什麼？相信有許多人會認為是法規！

監管嚴格的趨勢下，又以金融業為最，在台灣包含金管會在內的監管單位對於金融業的監管要求趨向嚴格，罰金也越來越重。為了因應這些監管措施，金融業自數年前逐步導入新的法令遵循內控內稽的制度，例如設立法規風險評估、業務單位設立法遵主管作為第一道防線以及法遵自評制度等等。

然而金融相關法令多如牛毛，而業務單位的業務手冊又十分繁雜且數量眾多，因此許多金融業的法遵人員必須投入大量的時間處理繁瑣且重複性高的內外規比對工作，避免法令修正的時候，企業的內部規範沒有提出因應措施，造成企業落入風險或被罰款。

作為台灣技術領先的法律科技方案解決公司，Lawsnote收到許多企業客戶表達法令遵循系統化的需求，即開始投入研究人工智慧應用於法遵系統的解決方案，進而開發出Lawsnote RegTech 法遵系統，用以將法遵人員的部分工作流程自動化，降低法遵人員繁雜而重複的工作。


法遵人員花了許多時間處理法令異動

Lawsnote將法令異動以及內規調適自動化
A.法規資料庫、搜尋和法規異動派送
作為RegTech系統的基礎，法令遵循流程是由「法規」所發動，因此具有特定領域「完整」而「即時」的法規資料庫以及法規更新機制是必須的。

然而法規並不只限於立法院所制定之「法律」，還包含了各行政機關由法律授權制定的「行政規則」和「法規命令」，以及用以解釋法規的「行政函釋」，都被視為法遵系統必須遵循的法規。

這些法規資料目前並沒有統一的資料源，除了全國法規資料庫外，更有許多法規散見在不同的機關、組織或是公會網站上獨立的法規頁面，造成蒐集完整法規的成本非常高昂。

由於法規會修正，行政函釋會新發布或廢止，因此即時維持法規的變動也是大問題，縱使一次性的搜集完整的法規，若沒有持續監測法規和行政函釋的異動，也會造成法令遵循的缺口。

Lawsnote作為專業的法學搜尋引擎，具有完整的法規及函釋資料庫，可因應各產業法遵系統需求，並可派送各領域所需法規異動通知。

B1.內規資料庫及搜尋
企業透過規範進行內部管理，稱為「內規」，一般的內規類型包含公司內部規範、標準作業流程SOP和業務指導手冊等資訊。依照產業別監管的強度，企業內規的數量及密度也會依照產業別有所差異。

在監管密度較高的產業，內規數量有時高達數千甚至數萬部，在如此巨大的內規數量之下，紙本或簡單的檔案系統已經無法滿足企業的內部需求，若不建置內規資料庫及搜尋引擎，在查找及遵循內規的過程中，可能伴隨的是大量時間的消耗以及人事成本的浪費。

Lawsnote具有台灣最強大的法學資料搜尋引擎，掌握專利搜尋技術，以及應用人工智慧優化排序演算法，可將企業內規、SOP及指導手冊等內部資料建置為「內規資料庫」，並將搜尋引擎的技術應用在內規資料庫上，達成快速、完整、易用的內規資料庫和內規搜尋引擎。

B2.<法規–內規>條對條連結機制
當法規修正的同時，企業的內規也必須進行相應的檢查和調整。

企業內規檢查程序可能是由法遵人員依據法規修正啟動，也可能是由業務單位法遵主管（第一道防線）啟動，而後由法遵人員（第二道防線）查核。然而無論由哪一個單位啟動，困難之處都是找到修正法規條文所對應到的內規條文，用以判斷是否必須進行修正。

由於內規數量眾多，用語繁雜，並且牽涉到企業不同業務形態，若每次法規修正都必須重新盤點內規，將帶來巨大的時間耗損，因此法遵人員通常高度依賴經驗，在有限的時間和盡量降低風險的拔河中取捨。

並且由於內規的撰寫方式，常常將法規以不同方式大幅改寫和拆解，造成程式比對非常困難，若單純以既有的程式去比對內外規，會造成許多內規無法有效判斷。

Lawsnote經過研究和測試，設計3種人工智慧演算法以及4種rule-base演算法交叉比對，可以將數千部法規和企業內規之間，建立<條文對條文>之間的相關連結，協助法遵人員在法規修正時，能即時判斷連結內規的修正必要性，並大幅節省盤點時間，降低法遵內控風險。

C.法遵內控內稽自評流程
為確保業務單位法遵主管確實履行法遵流程，部分企業會導入法遵自評及法遵教育等機制，透過法遵自評之評估量表要求業務單位法遵主管自行評估法令遵循的內控內稽流程，及盤點既有風險。

法遵人員或稽核則必須依據自評的結果進行結果彙整，或製作風險矩陣等，以便進行法遵風險監控以及弱點事項的追蹤。

Lawsnote RegTech法遵系統支援擴充workflow方案，可將工作流程延伸至法遵自評流程，將現行制度與法遵系統進行客製化整合，並結合組織架構以及單一登入權限控管等機制，實現一站式法遵系統的整合。

Lawsnote持續專注在法學領域的人工智慧應用、資料探勘、演算法設計、搜尋引擎和工作流程優化，致力於透過科技節省法律人的時間。


若您對Lawsnote RegTech法遵系統感到興趣
希望進一步了解，可以聯絡：
營銷經理 石宏源 Stone
Email：stone@lawsnote.com"
https://inews.hket.com/article/2805838/%E3%80%90%E7%9B%A3%E7%AE%A1%E7%A7%91%E6%8A%80%E3%80%91FinTech%E6%96%B0%E6%B5%AA%E6%BD%AE%EF%BC%9ARegTech%E3%80%80%E4%BA%9E%E5%A4%AA%E5%8D%80%E5%B9%B4%E5%A2%9E%E9%95%B7%E9%81%9420-,監管科技】FinTech新浪潮：RegTech　亞太區年增長達20%,"監管科技即是利用科技去提升監管與合規的效益，環球金融海嘯後，金融業為了加強監管，各種指引比從前更複雜，銀行亦需要更多人力資源去跟進與處理。根據研究機構MarketsandMarkets報告，今年環球監管科技市場規模達63億美元（約488億港元），預計到2025年，市場規模將達160億美元（約1240億港元），複合年增長率達20.3％。

＞＞＞【Samsung】Note系列將成絕響？　爆料消息指三星整合旗艦機策略

節省80%開戶時間

愛爾蘭監管科技公司Fenergo亞太區總監Stanley Yu表示，監管科技當中亦有數個範疇。「以技術區分，都可以分為10種，例如商業用戶開戶，ID驗證，數據管理等，競爭亦開始激烈。」

＞＞＞【機迷熱話】不只PS5！微軟高層預告：Xbox Series X/S 大缺貨到明年

他以商業用戶在銀行開戶為例，一般而言，商業用戶在開戶時，銀行需從不同地方蒐集關於該公司資料，由於數據多且分散，並要符合合規調查，一般需時長達數月。Stanley表示，使用監管科技，例如機械人流程自動化（RPA）技術，配合光學字元辨識（OCR）等技術，在各數據點中抽出需要的資料，可同時達到監管機構合規的標準，亦能提高整體效率。「利用RPA技術，可將開戶時間由從前的3個月縮短至5日，減省80%時間。」

愛爾蘭監管科技公司Fenergo亞太區總監Stanley Yu表示，利用RPA技術，可將開戶時間由從前的3個月縮短至5日，減省80%時間。（圖片由受訪者提供）
▲ 愛爾蘭監管科技公司Fenergo亞太區總監Stanley Yu表示，利用RPA技術，可將開戶時間由從前的3個月縮短至5日，減省80%時間。（圖片由受訪者提供）
Enterprise Ireland亞太區金融服務和金融科技負責人Mo Harvey表示，亞太區在監管科技方面，走得最前的是澳洲，其次就是香港與新加坡，之後才到日本、南韓、馬來西亞、越南等地。「亞太區監管科技市場規模增長可達20%。」但Harvey亦指，近年監管科技在亞洲地區發展蓬勃，但企業在考慮選擇技術時，面臨挑戰。她引述HKMA與KPMG早前發表的報告指，現時企業兩大挑戰是：資源所限，其次是缺乏適合的本地解決方案，因此不少外國監管科技公司開始拓展亞太區版圖。

RegTech公司3大挑戰

要打入亞太區、香港以及周邊市場，Stanley表示，關鍵是能否做到「在地化」。「除了將操作語言轉為當地語言，其他如工作流程等都需配合該區，其次就是合乎當地的監管機構的各種規章制度，如通過當地的沙盒測試。」

Enterprise Ireland亞太區金融服務和金融科技負責人Mo Harvey表示，亞太區在監管科技方面，走得最前的是澳洲，其次就是香港與新加坡，之後才到日本、南韓、馬來西亞、越南等地。（圖片由受訪者提供）
▲ Enterprise Ireland亞太區金融服務和金融科技負責人Mo Harvey表示，亞太區在監管科技方面，走得最前的是澳洲，其次就是香港與新加坡，之後才到日本、南韓、馬來西亞、越南等地。（圖片由受訪者提供）
其次，監管科技公司要落戶香港，仍然要面對3大挑戰：政府；技術；以及銀行取態。Stanley指，近年本地政府對監管科技比從前重視，確認新技術的價值；其次，監管科技使用雲端技術，但某些公司仍然對，將敏感數據放入雲端存疑；銀行方面，以往只著重收益，但近年開始看到監管科技帶來的成本效益，並能贏得不少客人，行業亦陸續使用。

Harvey補充，現時虛假、垃圾郵件等網絡罪案頻繁出現，監管機構亦呼籲使用監管科技，以降低風險。「今年1月至7月的上半年當中，洗黑錢的案件數目就大幅上升1倍。」根據金管局資料，當局亦開始研究將Regtech應用在打擊洗錢及恐怖分子資金籌集、審慎風險管理同合規以及「機器可讀」監管要求當中。"
https://www.experian.com.tw/insights/%E6%93%81%E6%8A%B1regtech%e3%80%80%E7%9B%8A%E5%8D%9A%E7%9D%BF%E5%8A%A9%E5%8A%9B%E5%8F%B0%E7%81%A3%E9%87%91%E8%9E%8D%E6%A9%9F%E6%A7%8B%E9%96%8B%E6%8B%93%E6%95%B8%E9%87%91%E6%A5%AD%E5%8B%99,,"近年來台灣資安風暴越演越烈，小至個人，大至國家的資料被暴露在風險當中。今年5月，美國資安公司Cyble 指出，全台多達2,000萬筆來自戶政資料庫的個資在暗網上流傳。去年6月銓敘部也被爆出外流59萬筆公務員個資，民間單位遭到駭客攻擊的次數更是不勝枚舉，顯見台灣不論是政府或民間機構，仍急需更強而有力的資安防護機制。場景轉換到金融領域，強化資安風險管控對銀行業者來說更是刻不容緩的必要措施，也因此掀起許多有關於「RegTech」的熱議。

 

RegTech為Regulatory Technology的縮寫，一般譯為「法遵科技」或「監理科技」，但這兩者的涵義與應用層面卻不盡相同。全球領先的資訊服務公司益博睿（Experian）亞太區執行長Ben Elliott表示：「站在金融業者的角度，RegTech指的是「法遵科技」，可協助監控金融交易過程，以符合監管機關的法規要求，例如：反洗錢交易偵測等；而對監管機關而言，RegTech則是「監理科技」，利用大數據、機器學習等技術進行進一步分析，達到資安風險防範與管理。」

 

益博睿全方位解決方案　助金融機構應對數位化變革

 

益博睿進一步觀察到，過往金融資安議題並沒有特別受到重視。不過，近幾年隨著數位金融服務發展，加上消費者習慣改變，促使電子支付、電子商務平台如雨後春筍般大量興起，因而衍生出日趨複雜的風險監管問題，使得金融監管勢在必行。如何在開拓數位金融業務同時，利用技術降低風險、提升營運效率、改善客戶體驗，並有效控管成本，便成為台灣金融機構的首要之務。

 

益博睿針對客戶信用生命週期的各個接觸點，提供了一站式服務的解決方案。以信用卡申請為例，在初期申請過程，金融業者能透過益博睿的詐欺風險評估解決方案 FraudNet，即時收集與分析客戶的設備資訊，快速辨識出詐欺行為，並將風險評估結果和其他可用數據傳送至PowerCurve 決策引擎進行判斷。決策引擎會自動建議信用卡申請的額度、利率，並完成審核。而在後期申請過程，金融機構則會採用資料安全保護系統CSID CyberAgent對信用卡進行監控，一旦發現個資洩漏或異常的交易活動，就會立即通知客戶採取因應措施，防止金融資產遭受損失。

 

最近益博睿收到許多金融客戶詢問，針對快速應對個人信貸和房貨的申請核貸需求，如何達成整合inbound/outbound資源串接、資料發查、運算和流程能力，解決傳統決策引擎無法處理的問題，提供開放的整合平台並符合法規，這是益博睿PowerCurve決策策略引擎快速應對業務場景千變萬化的應用場景，其優點還包括「紓困方案，秒貸決策」「調整決策因子，秒級模擬結果」，讓業務單位能導入敏捷式組態應用，超越敏捷式開發架構，加速上線時程。

 

值得一提的是，考量每間金融機構的業務目標不同，益博睿亦提供客製化服務，依據個別機構的需求彈性調整系統參數。此外，益博睿的營運版圖擴及全球，擁有豐富的國際化資源供金融機構運用，以及經過市場驗證的最佳模板作為參考基礎，使解決方案能夠有效運作並符合成本效益。

 

創新與監理並進　推升台灣數位金融藍圖

 

聚焦台灣，益博睿（Experian）亞太區執行長Ben Elliott認為，目前RegTech發展仍處於啟蒙階段。由於台灣市場競爭激烈，金融業者必須在兼顧獲利與社會責任之下，持續提供消費者高效且精準的服務，藉此提升數位金融體驗。益博睿深耕台灣市場，在地團隊累積多年經驗，深刻了解台灣金融機構普遍的痛點，能為業者提供全方位的解決方案顧問服務，即時回應多變的機構需求。

 

金管會在今年公布「未來3年金融科技發展路徑圖」，先前更完成金融科技創新園區FinTech Space建置，並針對金融監理沙盒制度設立專法，彰顯出政府推動金融科技生態系的決心。隨著金融科技發展日新月異，唯有RegTech發展與時俱進，才能創造更安全且新穎的金融服務體驗。

"
http://www.thinkfintech.tw/Article?q=ART171120007,Regtech是什麼，為什麼它重要,"Regtech是什麼，為什麼它重要

Regtech新創公司正在為企業節省約數十億美元的罰款，取代手動風險和使用先進的技術。

在Equifax網絡安全違規之後，超過1.43億的美國人將面臨財務欺詐的風險，而估計有300萬富國銀行(Wells Fargo)的客戶在不知不覺中盜取了他們的數位身份，從而開設欺詐性交易帳戶。

自金融危機爆發以來風險管理框架薄弱、治理缺失，幾乎可以永久性地破壞最強大的資本市場。然而，儘管危機發生後，監管機構進行了大規模的改革，但近期的事件表明，在駭客、欺詐和管理不善的情況下，該行業依然是多麼的脆弱。

從金融危機以來的最高違規事件，突顯了監管方面的重大差距對消費者造成的影響。



圖片來源：https://www.cbinsights.com/research/regtech-trends-fintech/?utm_campaign=Social%20Reports&utm_content=62810716&utm_medium=social&utm_source=facebook

為了滿足更好、更有效地監管企業，特別是金融企業，新興的監管科技(Regtech)新創公司正在開發旨在幫助企業提高合規性、降低風險和簡化流程的工具。

此外，Regtech公司可以幫助企業避免違規罰款，保持在不斷成長的監管和合規要求之上。展望未來，如果能夠儘早採納，Regtech在預測和預防下一次金融危機方面可以發揮關鍵作用。

在此分析中，深入探討了Regtech和Spotlight公司崛起背後的驅動因素，創建Regtech解決方案，以滿足特定的監管挑戰。

關鍵要點
對監管科技新創公司的投資正以創紀錄的速度成長：私人市場投資者在過去的5年裡，針對監管科技新創公司共有585筆，約5億美元。https://www.cbinsights.com/research/regtech-startups-deals-funding-trends/

監管規模為合規缺口創造了更多的機會：企業的資源已經與現有的監管要求保持聯繫。Regtech軟體正在合規程序進行數位化。

監管機構通過新立法和新監管機構加強了監管：監管機構沒有顯示出緩和的跡象，特別是鑑於近期的風險事件。公司可以求助於Regtech公司來簡化合規工作流程，並減少錯誤的可能性。

現有的基礎設施跟不上監管：新的監管要求越來越以技術和數據為導向。現有的基礎設施建立在傳統代碼上，不容易被替換，並且跟不上監管機構所期望的技術要求。新創公司正在尋求更便宜、可擴展的Regtech解決方案。

Regtech的下一個階段：如今，Regtech解決方案正在加強現有工作流程。Regtech的下一波將利用機器學習、自然語言處理(Natural Language Processing , NLP)和區塊鏈(Blockchain)等先進技術取代舊的政策和程式。

未來企業將越來越多地轉向新的監管科技，以應對不斷變化的監管環境。(可參考CBinsights Regtech市場地圖中的100多家新創公司。）

什麼是Regtech？

CBinsights對Regtech進行了廣泛的定義，包括旨在應對解決監管挑戰的技術和軟體，並幫助公司了解監管要求並保持合規。

該領域的公司幫助客戶達到合規標準，確保風險管理協議到位，並實施積極降低風險的控制措施。

該技術的範圍從補充現有的合規性、審計和風險工作流程到通過利用人工智慧(Artificial Intelligence)、機器學習(Machine Learning)和區塊鏈(Blockchain)等先進技術來替代和完全自動化。



圖片來源：https://www.cbinsights.com/research/regtech-trends-fintech/?utm_campaign=Social%20Reports&utm_content=62810716&utm_medium=social&utm_source=facebook


雖然這一分析將突顯一些關鍵的因素，這對Regtech興趣有很大的影響，但重要的是該領域還處於早期階段。

從CB Insights趨勢工具，可看到媒體對合規和監管方面的關注程度正在上升，從幾年前的少數媒體文章到成為公眾對話的一部分。





圖片來源：https://www.cbinsights.com/research/regtech-trends-fintech/?utm_campaign=Social%20Reports&utm_content=62810716&utm_medium=social&utm_source=facebook

以下是推動Regtech技術成長和採用的關鍵驅動因素，以及創業公司解決方案。

日益增加的監管壓力，為合規漏洞創造了更多的機會

金融服務、醫療保健和其他主要行業的監管規定已經令人生畏，監管機構也沒有顯示出緩解的跡象。

從長遠來看，全球有超過750家監管機構平均每天發布201條監管警報。監管日程表涵蓋了未來5年的主要規定；然而隨著新法例的通過，名單可能會增加。





圖片來源：https://www.cbinsights.com/research/regtech-trends-fintech/?utm_campaign=Social%20Reports&utm_content=62810716&utm_medium=social&utm_source=facebook

現有企業仍然主要依靠傳統的紙本處理，以滿足合規要求，而額外合規要求正在造成壓力。

在金融危機之後的幾年裡，最快的解決辦法是增加審計、風險和合規人員，以及公司的關鍵控制職能。然而由於這些領域的專業人才資源緊縮和人才競爭激烈，導致此不是一個可持續的解決方案。現在，企業正在努力實現工作流程的數位化和自動化。

如數位機器人軟體公司Ripcord正在幫助企業實現自動化並取代目前的紙本處理和監管報告系統。Ripcord的技術是使用自然語言處理來搜索記錄，證明公司是合規的，並為合規專業人員和監管機構創建數位審計跟踪，以確保數據安全。

監管機構已經增加了管轄權的監督- 並用它來打擊不良行為者

自2008 ~ 2009年金融危機以來，監管環境已經有了重大改變。

由於華爾街改革法案(Wall Street Reform Act)和多德-弗蘭克(Dodd - frank)等立法，監管機構現在擁有更多的管轄權。例如通過建立消費者金融保護局(Consumer Finance Protection Bureau , CFPB)等新的機構和舉措，監管也得到了加強。

更加複雜的是，監管機構有獨立的監管規定，這意味著其創造了自己的要求，這些要求往往會重疊。

例如，在美國大約有15個監管機構負責監管金融服務行業。如下所示，根據實體的類型，公司可以有多個監管機構來監督它們，並且可能需要滿足各種類型的要求。





圖片來源：https://www.cbinsights.com/research/regtech-trends-fintech/?utm_campaign=Social%20Reports&utm_content=62810716&utm_medium=social&utm_source=facebook

監管機構正在通過增加違規成本來進行新的監管。危機以來，金融服務公司已經向全球監管機構支付 超過321億美元的不當行為和管理不善的罰款。

Regtech可以幫助簡化環境，並通過創建儀表板來跟踪監管和要求，幫助企業因錯過最後期限而被罰款。

例如，FiscalNote提供了立法者、監管者和新聞媒體的監管數據的平台，根據客戶的個人資料和偏好來提醒公司適用的項目。這些工具幫助公司減少破譯新法律和監管要求所需的時間和資源。FiscalNote在2017年第一季提出了500萬美元的C-II系列，其中包括NEA、Visionnaire Ventures等。

違規行為繼續困擾著整個行業

儘管違規行為的罰款更加嚴厲，但新的醜聞不斷出現。如上所述，富國銀行已經陷入醜聞，其中包括“廣泛的非法”銷售行為，以及在客戶不知情的情況下欺詐性開立超過300萬個存款和信用卡帳戶。

2017年9月，該公司既沒有確認也沒有否認這一指控，但同意支付CFPB的1.85億美元的罰款。

自那時起，富國銀行(Wells Fargo)首席執行長John Stumpf下台，該公司因欺詐性汽車保險業務（即謊報GAP保險）而受到調查。富國銀行現在也在接受聯邦檢察機關對可疑外匯交易的調查。

富國銀行只是欺詐頭條新聞的一個例子，暗示該行業仍然缺乏足夠的預防性控制和監管。





圖片來源：https://www.cbinsights.com/research/regtech-trends-fintech/?utm_campaign=Social%20Reports&utm_content=62810716&utm_medium=social&utm_source=facebook

集中要求是Regtech公司正在幫助企業從被動轉變成主動，跟上要求的另一種方式。

如Fenergo等軟體供應商，為客戶提供了一個即開即用的規則資料庫。識別其的法律實體類型、司法管轄權、法人實體角色、預訂實體和提供的產品，Fenergo平台回饋相關規定、要求和行動等，以讓企業符合相應法規。

Fenergo已經從Insight Venture Partners、Investec Ventures和Aquiline Capital Partners籌集了8000萬美元的資金。

監管機構正在提高合規要求的技術標準

鑑於監管機構對企業的技術要求越來越高，人工專案報告正在被徹底創新改變。因此企業需要實施數據分析、定量風險建模、即時報告等，其也正在尋求Regtech的遵守。這部分是由於檢修現有基於服務器的基礎設施所帶來的高成本，以及企業對與現有技術差距，帶來相關風險的擔憂。

監管機構通常也沒有規定企業應該做什麼來滿足新的要求。在遺留系統之上的模糊需求是許多公司現在正尋求與軟體供應商合作的兩個原因。而Regtech新創公司的成本能更低，是因其在雲端中運作、更靈活以及可擴展以滿足不斷變化的監管環境。

為了幫助加強技術，Regtech公司正在開發軟體來自動化合規性工作流程。這包括WorkFusion等公司，其提供了一套自動化軟體，可以將文件數位化、集中數據，並提供一個安全的網站來傳輸各個行業的資訊。

WorkFusion於2017年第一季從Greycroft Partners、iNovia Capital、Mohr Davidow Ventures、Nokia Growth Partners、RTP Ventures、Wildcat Venture Partners籌集了3500萬美元的D系列。該公司將利用這筆資金擴大產品範圍，增加篩選和減少了解客戶流程中的誤報。





圖片來源：https://www.cbinsights.com/research/regtech-trends-fintech/?utm_campaign=Social%20Reports&utm_content=62810716&utm_medium=social&utm_source=facebook

企業推動標準化

監管環境的複雜性，促使企業呼籲監管機構對監管規範進行標準化。反過來，監管機構也開始與新創公司進行合作。

監管機構正在組建工作小組，以幫助鞏固監管規範並進行交叉分析。其也開始推動內部採用新技術。

一個積極的成果就是創建CFTC實驗室和CFPB加速計畫等內部沙箱，為整個行業提供資源和推動技術實驗。





圖片來源：https://www.cbinsights.com/research/regtech-trends-fintech/?utm_campaign=Social%20Reports&utm_content=62810716&utm_medium=social&utm_source=facebook

Regtech的未來

如今，許多獲得客戶關注的Regtech解決方案是相輔相成的。這些技術通過數位化和精簡化來提高工作流程的效率。

展望未來，下一波Regtech創新將利用人工智慧、機器學習、自然語言處理和區塊鏈技術來完全取代現有流程和人員。

Regtech也可以在區塊鏈上提供保證和合規性。區塊鏈的單向Regtech正在被利用來創建一個分散式帳本(Distributed Ledger Technology , DLT)審計跟踪。

例如，  Elliptic是一家早期的公司，已經從Santander InnoVentures和其他公司籌集了700萬美元的資金，為比特幣建立審計路徑。Elliptic的專業身份數據庫在全球數千個地點，包含數百萬比特幣地址。該新創公司標誌著比特幣區塊鏈的非法活動，並受到比特幣公司和執法機構的利用。

在未來，監管科技可以完全自動化並取代現有的監管合規政策和程序。短期影響可能是幫助企業從被動轉向主動的監管解釋和回應。從長遠來看，Regtech解決方案可以減少企業對人力或集中干預的需求，甚至可能減少對監管機構本身的需求。

關鍵字：Regtech、Artificial Intelligence、Machine Learning、Blockchain

資料來源：https://www.cbinsights.com/research/regtech-trends-fintech/?utm_campaign=Social%20Reports&utm_content=62810716&utm_medium=social&utm_source=facebook"
https://yamol.tw/item-60.+RegTech+%EF%BC%88%E7%A7%91%E6%8A%80%E7%9B%A3%E7%AE%A1%EF%BC%89%E7%9A%84%E7%99%BC%E5%B1%95%E4%B8%BB%E8%A6%81%E6%98%AF%E5%B8%8C%E6%9C%9B%E5%88%A9%E7%94%A8%E7%A7%91%E6%8A%80%E5%BC%B7%E5%8C%96%E7%9B%A3%E7%90%86%E8%88%87%E9%A2%A8%E9%9A%AA%E6%8E%A7%E7%AE%A1%E7%9A%84..-1451173.htm,"
金融科技力(數位力)題庫","60. RegTech （科技監管）的發展主要是希望利用科技強化監理與風險控管的能量，根據此特性與 RegTech 實施考量 重點，下列哪些可以算是 RegTech 的實施情境？ (1)智慧法規分析平台 (2) P2P 壽險平台 (3)機器人理財 (4)自動化製作法遵合規報告 (5)掃描交易，交易流程自動監控與告警工具
(A) (1)(2)(3)
(B) (1)(4)(5)
(C) (1)(2)(5)
(D) (1)(3)(4)

編輯私有筆記及自訂標籤
金融科技力(數位力)- 105 年 - 第 1 屆金融數位力知識檢定測驗#57370
答案：B
難度： 簡單"
https://www.hk01.com/%E8%B2%A1%E7%B6%93%E5%BF%AB%E8%A8%8A/543513/%E9%87%91%E7%AE%A1%E5%B1%80-%E6%8E%A8%E7%9B%A3%E7%AE%A1%E7%A7%91%E6%8A%80regtech%E7%99%BD%E7%9A%AE%E6%9B%B8-%E5%86%80%E6%B8%AF2025%E5%B9%B4%E5%89%8D%E6%88%90%E5%85%A8%E7%90%83%E9%A0%98%E5%B0%8E%E8%80%85,金管局︰推監管科技RegTech白皮書　冀港2025年前成全球領導者,"金管局副總裁阮國恒在香港金融科技周（FinTech Week）網上致辭時指出，局方就監管科技（RegTech）推出白皮書，當中涉及就未來監管科技的五個主要的領域，包括監管科技新發展、探討現有做法及採納監管科技的挑戰、建立執行框架、就廣泛採納監管科技提出建議以及為金管局制定推廣路線圖，而白皮書之後將可在網上下載。

阮國恒指出白皮書三大範疇提出建議，首先要明白現時監管科技的環境，之後要分析現有與監管科技相關的場景。他指出監管科技是指聚焦於協助金融機構應對監管及合規的技術，在銀行層面監管科技有助提升風險管理、減低成本並吸引客戶，對客戶而言監管科技則有助改善用戶體驗並帶動金融普及，對監管機構來說監管科技則可令風險管理及合規等更加有效，同時亦可減少金融系統風險。

他續指，近年香港在採納監管科技上已有很大的進展，但仍存在很多的門檻，包括是成本、解決方案的成熟程度、人才、風險憂慮及價值等，他認為監管科技長遠而言其實可節省成本，而現時亦有很多為市場設計的監管技術可用。他指出香港有多個目標，包括是期望在2025年前成為監管科技的全球領導者，並期望香港銀行業可廣泛使用監管科技，令香港成為監管科技解決方案和人才的培養基地。另外他亦期望可在明年下半年設立監管科技人才中心及推出監管科技相關的指數等。

金管局余偉文：港金融體系面對三大風險　惟抗震力很強可抵衝擊
金管局：9月港元存款跌0.8%　部分跌幅與新股認購活動有關
港元強勢│金管局再釋放逾31億港元　銀行體系結餘續創新高
金管局余偉文：構思擴闊金融基建功能　冀緩解中小企向銀行融資難
金融管理局"
https://www.advisers.com.tw/?p=599,什麼是監理科技（RegTech）?,"金融科技趨勢模糊了原本劃分明確的金融業務界線，也將各種新技術帶入法遵、監理的領域。讓金融業者為了達成法遵要求，不得不提高法遵人員、治理、風險管理的成本，各種因素催生出監理科技（Regtech）一詞。
隨著監理沙盒機制的通過，很多人都把重心關注在——誰會進入沙盒？多少人會進入沙盒？進入沙盒要有什麼樣的條件？這些問題可以明顯讓我們感受到金融業確實已進入了另一個階段。過往談發展金融科技，想要怎麼做全憑公司意志，但接下來就與監理官有關係了，因為不管業者有多少的創意與想法，只要主管機關不點頭，創新也無法進行。
也就是說，不管金融科技如何發展，監理科技(Regtech)勢必也得跟上腳步。監理科技一詞本身有很多涵義，目前在定義上是各有各的解讀，本期專欄我想說清楚Regtech一詞的涵義，以及與我們有何切身相關？
 

監理科技的3種定義
傳統上來說，科技的發動會由金融業者或主管機關來進行。業者會想用創新科技來解決現有經營所面臨的問題，我們通稱為金融科技，而主管機關也會想用科技工具來解決傳統監理的問題，但真正Regtech的範疇，有許多不同的定義：
先談第一種定義，主管機關一直以來為了掌控市場做了很多事情，業者為了配合這些規定，如製作很多監理報表，花很多時間來解決主管機關提出的各項監理要求，因此產生了許多所謂「經營痛點」。而業者為了解決被管理的問題，除了要應付監理官的要求，在不能影響正常的營運狀況下，必須運用最有效率的方法，因此大量借助資訊科技來因應法規的需求與變化，以解決法律遵循問題，由業者發起以科技方法解決被監理問題，就是Regtech的一種定義，這就是為什麼有人會將Regtechㄧ詞，翻譯為「法遵科技」的原因。這其實是最常見，也是最狹隘的定義。
第二種定義，是指監理官以科技監理工具，解決傳統監理問題。以金管會為例，從成立開始到現在，人力並沒有大幅的增加，所使用的監理工具還是保持著「懷舊」狀態，因為主管機關不像業者有經營上的壓力，必須隨時提高效率、降低成本，再加上政府的預算有限，其改變的速度很緩慢。但隨著金融市場不斷改變、複雜程度加劇，或是新型態事物出現，監理效率就會變低，甚至產生監理事故無法掌握的窘境。當過往傳統的工具已經無法掌握市場的變動，主管機關就會產生像業者一樣的需求，也就是必須尋求有效率的科技監理工具，並善用這些新科技來解決舊的問題，這是Regtech的另外一種定義。
這類的事情如果不解決，長久來看是很麻煩的，因為若主管機關所使用的工具還是老舊的狀態，儘管業者很先進，還是要配合主管機關傳統的監理工具，也就連帶降低了業者的工作效率。這確實是一大問題。
第三種定義，是指監理官運用傳統監理工具監理金融科技活動。我認為此定義下的Regtech是現階段最重要的。起因於現在很多金融機構會去做很多創新，監理官如何讓這個創新變成一種可能？變成可能後又該如何去進行管理？
這部分我們最為熟悉的是監理沙盒制度，其實不管看金管會還是其他國家，在管理監理沙盒都是用非常傳統的方法，如開委員會審查、用觀察的方式等，金管會沒有用任何的科技去監管新科技的作業模式。
監理沙盒也可以看成是一種Regtech，透過制度設計讓監理官更有可能看懂業者在做什麼，而不是因為不瞭解而禁止，如果沒有沙盒機制，儘管已經有很好的技術，可能在監理官搞不懂業者要做什麼，導致雙方的認知落差很大，讓所有的創新與技術的發展胎死腹中。所以如何協助監理官能夠瞭解業者全新的經營方法或模式，此部分是目前最重要的關鍵。
 

開放「可被觀察」或「共同合作」的管道
業者在發展金融科技時，需要同時開放一個「可被觀察」或「共同合作」的管道，目的是讓主管機關瞭解業者到底在做什麼？運作的風險有哪些？以便讓監理官時時保持清楚狀態下，金融科技發展才有上路的可能。否則主管機關傳統的監理狀態，很有可能會變成業者在發展金融科技時的障礙。好比在賣飛機前，賣家必須同時提供飛行模擬器一樣，藉此讓買方瞭解性能與功能，透過練習而熟悉，放心後才會有下訂單的可能，這是同樣的概念。所以，未來當我們在發展金融科技時，要兼顧監理科技，要進行調頻與對接，讓主管機關看的懂，才有共同發展的未來。
上文提到的三種監理科技定義，彼此間相互連動，就好比，監理官對金融科技的發展並不是很熟悉，理所當然未來他們在訂定法規時，就會訂定出不合時宜與潮流的規定，直接造成業者的法遵成本增加，所以未來必須讓監理官進入到業者的思維來，大家彼此合作與發動，最終一起前進。"
https://www.bnext.com.tw/article/59001/tdcc1,台灣首屆監理科技黑客松 Taiwan RegTech Challenge 2020 廣發全球英雄帖,"疫情影響與5G開台為金融科技引爆新一波成長動能，也讓RegTech ( Regulation Technology，監理科技) 的發展迫在眉睫。由金管會指導、台灣金融服務業聯合總會與臺灣集中保管結算所主辦、委託資策會執行的2020監理科技黑客松 (Taiwan RegTech Challenge 2020)正式開跑，這是台灣第一個國際級監理科技挑戰賽。參賽隊伍不但在過程中可獲得龐大輔導資源，決賽大獎更包括價值超過800萬元的資源與服務，挑戰賽於即日起至10月16日展開全球招募，於2021年1月28、29日進行DEMO與決選。

主辦單位集保結算所林修銘董事長表示：「2020監理科技黑客松最主要的目的解決產業與主管機關的監理議題，以及解決方案是否符合監理單位期待，為此建構產官創三者溝通的平台，匯聚國內外優異團隊，用共創精神解決數位監理問題，這也是接棒英國TechSprint，持續建構全球監理科技創新網絡！」；肩負此次監理科技黑客松工作小組重任的召集人金融總會吳當傑秘書長提及：「籌備初期，團隊花了三個月走訪銀行局、保險局、證期局與檢查局四大局，以及七大金融機構的高層主管，歸納收斂出挑戰賽的三大主題：eKYC、市場資訊即時監理與防詐欺/預警，找到最真實的痛點所在，參賽團隊才能對症下藥。」

2020監理科技黑客松出題，三大方向求良方
本次主題是由金總及集保等相關單位組成工作小組，金融科技創新園區、集保結算所及資策會負責執行，以彙整國內金融科技發展需求及痛點，邀請專家進行工作坊討論，凝聚本次活動主題。包括eKYC、市場資訊即時監理、防詐欺/預警3大主題及對應子題如下:

來源：集保結算所
為有效促進提案內容落地應用，2020監理科技黑客松也特別設計「資料提供方/業師 (data partner/mentor)」 與「個案評估輔導」二套機制。對國內金融產業不熟悉的參賽團隊可由大會媒合所需數據或業師；複賽到決賽的個案評估輔導期間，大會提供法規/法遵及資安/資訊可行性檢測，協助盤點資安、法規基本項目，參賽團隊將有機會獲得主管機關的監理諮詢，台灣微軟亦提供Azure開發環境供申請使用。

2020監理科技黑客松初賽將海選出30件提案進入複賽，經過媒合與輔導後精選出15件參加決賽，角逐大會獎與企業PoC冠名獎。2020監理科技黑客松大會獎包括三名優勝獎與兩名佳作，企業PoC由企業自主選出欲合作團隊，獎項包括：

來源：集保結算所
AWS促銷積分須由金融科技創新園區統一向AWS進行申請。獲獎者於過去須未曾獲得金額超過本次提供之促銷積分、且需符合Terms and Conditions (見https://aws.amazon.com/awscredits/)與FintechSpace Powered by AWS相關規範
來源：集保結算所
【新聞聯絡人】
活動委託執行單位 金融科技創新園區
林麗真組長
Tel: (02) 2356-9652
lclin@iii.org.tw

更多2020監理科技黑客松活動訊息，請詳見此網址"
https://stli.iii.org.tw/article-detail.aspx?no=0&tp=5&d=7699,何謂「Regtech」？,有別於金融科技（Fintech）著重於運用科技手段使金融服務變得更有效率，因而形成促進金融產業發展的一種經濟產業。在美國源於對2008年金融風暴的恐懼，更傾向在金融科技提升金融服務便利與效率的同時，倡議如何使行政機關在監理過程中更能夠兼顧公平、安全及消費者保護。消費者保障與洗錢防制是行政機關進行金融監理的兩大核心目標，而金融科技服務下的客戶身分核實、信用紀錄與償債能力查核等風險控管措施，在全球發展金融科技方興未艾之際，美國則積極發展監理科技「Regtech」。意指行政機關嘗試透過科技手段有效監理業者的營運動態，如區塊鏈技術（Block-Chain）改變銀行現行運作模式，不僅降低業者營運成本外，更透過科技監理的方式協助業者即時達成法令遵循的目標，縮短法令遵循改善的過渡期間，減輕風險產生的可能。同時，也讓行政機關得以即時預防，並因應任何類似2008年金融風暴之情事的發生。
https://ctee.com.tw/amp/bookstore/trend/108994.html,當AI遇上法規 RegTech就此誕生,"數位科技的日新月異為企業與主管機關在法規監管帶來全新挑戰，金融機構因新科技應用崛起，金融法規複雜度與日俱增，需投入更大量資源來確認作業程序是否合規，因此「法令遵循」成為各銀行重視的顯學，2016年也曾發生兆豐銀行紐約分行因違反防制洗錢機制，遭美國重罰1.8億美元，讓金融產業意識到可能面臨高額罰款的風險警訊。

金融科技應用近年崛起，主要是企業運用科技讓金融服務更有效率，且其大多為新創公司，例如利用手機APP匯款給朋友，又或是餐廳消費利用手機APP結帳，甚至是近來最受年輕人歡迎之一的社群平台Instagram也傳出跨足電商，都代表著企業除增加後端一連串的金流服務，同時也面臨著是否合規的問題。這些都顯示在科技應用不斷變化之下，法遵科技的重要性，尤其台灣金融監管相對嚴格，是挑戰也是機會，讓台灣更加適合發展法遵科技。

企業需遵循的法規更加複雜，因此衍生出利用科技協助企業遵循法令，以防止有「漏接」的情形發生！法令遵循科技（以下簡稱法遵科技，Regulatory Technology，RegTech），指利用資訊科技，廣泛蒐集金融監理制度與法規要求，提供分析與管理的工具。也就是說，金融機構（被監管方）能利用科技自動協助企業遵守法規要求並完成合規報告，降低作業風險。此外，也有人將這類科技稱為「監管科技」，運用資訊科技，監管機關（主管機關）針對受監理的金融機構所提供的合規報告，來判斷金融機構潛在的違規行為、風險控管、資安預警與消費者保護等監理目的。簡而言之，法遵科技就是利用科技減少法規為企業（被監管方）、機關（主管機關）等帶來的重擔。

法規解讀分析成本高
法遵科技興起可追溯至2008年，金融機構在歷經金融海嘯後，新法規紛紛出籠，加上科技快速演進，主管機關開始正視法規規範的妥適性，及企業是否如實遵循法令。因此，金融業及其他產業在適應新法規過程，不僅從各監管單位蒐集、擷取法規文本內容，整理複雜的法規文本後，再以人工費時解讀分析法規後，判斷企業內規是否合乎法令管理，若不合規得再確認內部相關權責單位調整修正，完成稽核與風險控管後，才能提交法規報告給主管機關，導致法令遵循作業成本大增。

法規快速增加趨勢從麥肯錫統計可見一斑，2016年全球監管法規超過2萬個，預估到2020年可能超過3億頁，法規處理人力及成本也因此大幅增長。麥肯錫指出，JP摩根大通在2012～2014年間增加1.3萬名員工進行法遵處理，成本支出增加20億美元，德意志銀行2014年為了法遵處理，追加支出的金額高達13億歐元。整體來看，法遵與治理、風險管理人力成本將占全球主要銀行支出10％以上，並逐年攀升，每年合計高達2,700億美元（約8.5兆元新台幣），預計將使企業負擔更為沉重。

傳統法遵管理作法多高度依賴領域專家，以人工方式解讀法規並分析，費時且容易造成解讀偏差與疏漏，且因缺乏系統化法規知識累積，導致難以重複運用於法規變動與連動追蹤管理。舉例來說，從人工法規解讀分析到找尋對應措施，加上跨單位的溝通合作，所花費的時間，雖會依據法規調整的複雜度，花費的時間也不同，相對複雜者可能長達3個月以上，但如以AI輔助法遵人員整理基礎法規與解讀分析，將可縮短至1個月的作業時程，且展現更高值化的人力發展。

法遵導入AI需三大要素
工研院也看準該趨勢，開發協助企業（被監管方）減輕法令遵循負擔的AI技術，AI與法遵如何有效結合需要三大要素，包括大量的法規資料庫、自然語言處理以及機器學習。首先，訓練法遵AI得先具備大量的法規資料，工研院也與金融系統SI業者、金融機構合作，透過業者累積的資料來訓練AI引擎。

第二，則是利用自然語言處理，將上述的法規資料以點、線、面的概念，建構法規知識網絡。「點」是進行法規「字詞」分析，「線」是進行法規「語句」分析，建立法規概念或因果關係，「面」則是進行法規「語意」分析，辨識合規要求。

最後，工研院整合法遵專家經驗及資料庫，協助AI進行深度學習，打造國內在地化「法遵管理資料庫」。依據法遵專家的動態經驗回饋，確認對應的內規是否正確之後，開發出「內外規對應分析模型」、「法規權責對應分析模型」。舉例來說，當未來有新的外部法規出現時，AI模型就能自動推論出對應的內規與內部權責單位，提供給法遵人員建議，此時法遵人員可經確認後再次回饋AI，不斷更新模型。

整體來看，各國的知識、國家語言、語意等都不同，難用一套技術放諸四海皆準，因此台灣的法遵科技領域可以走出自己的路，尤其是金融科技公司，台灣與其他國家相比，金融監管相對嚴格，所以RegTech成為台灣金融科技業最有發展斫景的方向之一。同時，還有需要大量法規文件管理的製造業，或是被高度監管的產業如化妝品、藥廠等，皆是法遵科技可見的應用市場，透過AI的輔助將可提升法遵人員的效能，為企業提供助益。

(工研院資訊與通訊研究所所長闕志克)

"
https://zh.thelittlecollection.com/regtech-5201,您应该了解RegTech的哪些知识,"Regtech是通过技术对金融行业中的监管流程进行管理。 regtech的主要功能包括监管监视，报告和合规性。 Regtech或RegTech由一组公司组成，这些公司通过软件即服务（ aa ）使用云计算技术来帮助企业有效且低成本地遵守法规。 Regtech也被称为监管技术。 金融机构和监管机构都使用Regtech来处理复杂的合规流程。 Regtech是由高科技公司组成的社区，致力于通过自动化解决
钱
您应该了解RegTech的哪些知识

内容:
什么是RegTech？
了解RegTech
RegTech的历史
重要要点
RegTech的特点
RegTech应用
RegTech公司
什么是RegTech？
Regtech是通过技术对金融行业中的监管流程进行管理。 regtech的主要功能包括监管监视，报告和合规性。

Regtech或RegTech由一组公司组成，这些公司通过软件即服务（SaaS）使用云计算技术来帮助企业有效且低成本地遵守法规。 Regtech也被称为监管技术。

金融机构和监管机构都使用Regtech来处理复杂的合规流程。

了解RegTech
Regtech是由高科技公司组成的社区，致力于通过自动化解决技术驱动型经济带来的挑战。数字产品的兴起增加了数据泄露，网络黑客，洗钱和其他欺诈活动。

通过使用大数据和机器学习技术，regtech通过提供有关在线活动进行的洗钱活动的数据来降低公司合规部门的风险，而在线活动是传统合规团队可能由于网络地下市场的增加而无法获得的。

Regtech工具旨在实时监视在线交易，以识别数字支付领域中的问题或违规行为。任何异常值都会传递给金融机构，以分析和确定欺诈活动是否正在发生。能够及早发现对财务安全的潜在威胁的机构能够将与资金损失和数据泄露相关的风险和成本降至最低。

Regtech公司与金融机构和监管机构合作，使用云计算和大数据共享信息。云计算是一种低成本的技术，其中用户可以与其他实体快速安全地共享数据。

接收大量数据的银行可能会发现它过于复杂，昂贵且费时。一家正规技术公司可以将银行的复杂信息与以前的监管失灵数据相结合，以预测银行应关注的潜在风险领域。通过创建这些银行成功遵守监管机构所需的分析工具，这家regtech公司节省了银行的时间和金钱。该银行还有一个有效的工具来遵守金融当局制定的规则。

RegTech的历史
在2008年金融危机之后，金融部门的监管有所增加。金融部门对技术的破坏性使用也有所增加。技术上的突破导致创建技术驱动产品以增强客户体验和与金融机构互动的金融科技公司数量增加。

依靠消费者数据来生产数字产品已经引起了监管机构的关注，要求对数据隐私的使用和分配制定更多的法律。越来越多的监管措施和法律与更依赖技术的行业相结合，带来了对监管技术的需求。

截至2018年中，美国的放松管制-从《多德-弗兰克华尔街改革和消费者保护法案》（Dodd-Frank）规则的取消中可以看出，尽管合规性得到遵守，但导致了regtech公司融资交易的放缓负担仍应推动实现更高自动化水平的动力。

重要要点
RegTech是金融行业内监管流程的管理。
regtech的主要功能包括监管监视，报告和合规性。
它由一组公司组成，这些公司可以帮助企业有效且低成本地遵守法规。
RegTech的特点
regtech的一些重要特征包括敏捷性，速度，集成和分析。

Regtech可以通过提取和传输负载技术快速分离和组织混乱和交织的数据集。 Regtech还可以用于快速生成报告。它也可以用于集成目的，以使解决方案在短时间内运行。最后，regtech使用分析工具来挖掘大数据集并将其用于不同的目的。

RegTech应用
Regtech在金融和监管领域的各个领域开展业务。 regtech自动化的许多项目包括员工监视，法规遵从数据管理，欺诈预防和审计跟踪功能。

regtech业务不能仅与任何金融机构或监管机构进行合作，因为它的目标和策略可能与其他各方有所不同。例如，寻求在数字支付生态系统中识别信用卡欺诈的regtech可能不会与与其员工在线活动有关的投资公司或美国证券交易委员会（SEC）建立关系，而该公司的当前问题可能是内幕交易活动。

RegTech公司
著名的regtech公司及其创建的工具的一些示例包括：

IdentityMind Global： 通过跟踪付款实体，为数字交易提供反欺诈和风险管理服务。
特鲁尼（Trunomi）： 安全地管理使用客户个人数据的同意。
苏德： 帮助银行提交所需的监管报告，而不会破坏其体系结构。
银翅雀： 通过基金数据实用程序将资产管理者和保险公司联系起来，以满足Solvency II的要求。
PassFort： 自动收集和存储客户尽职调查数据。
基金建议： 监督基金行业如何管理和处理数据。"
,,
,,
,,
,,
,,
,,
,,
,,
,,
,,
,,
,,
,,
,,
,,
,,
,,
,,
,,
,,
,,
,,
,,
,,
,,
,,
,,
,,
,,
,,
,,
,,
,,
,,
,,
,,
,,
,,
,,
,,
,,
,,
,,
,,
,,
,,
,,
,,
,,
,,
,,
,,
,,
,,
,,
,,
,,
,,
,,
,,
,,
,,
,,
,,
,,
,,
,,
,,
,,
,,
,,
,,
,,
,,
,,
,,
,,
,,
,,
,,
,,
,,
,,
,,
,,
,,
,,
,,
,,
,,
,,
,,
,,
,,
,,
,,
,,
,,
,,
,,
,,
,,
,,
,,
,,
,,
,,
,,
,,
,,
,,
,,
,,
,,
,,
,,
,,
,,
,,
,,
,,
,,
,,
,,
,,
,,
,,
,,
,,
,,
,,
,,
,,
,,
,,
,,
,,
,,
,,
,,
,,
,,
,,
,,
,,
,,
,,
,,
,,
,,
,,
,,
,,
,,
,,
,,
,,